<?xml version="1.0" encoding="UTF-8" ?>
<html xmlns='http://www.w3.org/1999/xhtml' xmlns:b='http://www.google.com/2005/gml/b' xmlns:data='http://www.google.com/2005/gml/data' xmlns:expr='http://www.google.com/2005/gml/expr'>
<head>
    <meta charset='utf-8'/>
    <meta content='IE=edge' http-equiv='X-UA-Compatible'/>
    <meta content='width=device-width, initial-scale=1' name='viewport'/>
    <meta content='Deskripsi blog anda' name='description'/>
    <meta content='masukkan, keyword, blog, di, sini, maksimal 10 keyword agar SEO friendly' name='keywords'/>

	<!-- Meta Open Graph Tags -->
	<meta content='265094790504849' property='fb:app_id'/>
    <meta expr:content='data:blog.homepageUrl' property='og:url'/>
    <meta expr:content='data:blog.title' property='og:title'/>
    <meta content='Deskripsi blog anda' property='og:description'/>
    <meta content='http://placehold.it/300x300' property='og:image'/>

	<!-- LazyLoad Image Plugin -->
    <b:if cond='data:blog.pageType in {&quot;item&quot;}'>
    <script src='https://cdn.rawgit.com/aFarkas/lazysizes/gh-pages/lazysizes.min.js'/>
    </b:if>

    <title><data:blog.pageTitle/></title>
	<link href='https://fonts.googleapis.com/icon?family=Material+Icons' rel='stylesheet'/>
&lt;!--
<b:skin><![CDATA[
--&#x3E;
]]></b:skin>
  </head>

  <body>
<script type='text/javascript'>
      var blog = document.location.hostname.split(&quot;.&quot;);
      if (blog[blog.length - 1] != &quot;com&quot;) {
      var ncr = &quot;http://&quot; + blog[0] + &quot;.blogspot.com/ncr&quot;;
      window.location.replace(ncr + document.location.pathname);    
      }
</script>

<div id='fb-root'/>

<script>
  window.fbAsyncInit = function() {
    FB.init({
      appId      : &#39;265094790504849&#39;,
      xfbml      : true,
      version    : &#39;v2.6&#39;
    });
  };

  (function(d, s, id){
     var js, fjs = d.getElementsByTagName(s)[0];
     if (d.getElementById(id)) {return;}
     js = d.createElement(s); js.id = id;
     js.src = &quot;//connect.facebook.net/id_ID/sdk.js&quot;;
     fjs.parentNode.insertBefore(js, fjs);
   }(document, &#39;script&#39;, &#39;facebook-jssdk&#39;));
</script>

<style>/*--normalize css--*/
/*! normalize.css v4.1.1 | MIT License | github.com/necolas/normalize.css */

/**
 * 1. Change the default font family in all browsers (opinionated).
 * 2. Prevent adjustments of font size after orientation changes in IE and iOS.
 */

html {
  font-family: sans-serif; /* 1 */
  -ms-text-size-adjust: 100%; /* 2 */
  -webkit-text-size-adjust: 100%; /* 2 */
}

/**
 * Remove the margin in all browsers (opinionated).
 */

body {
  margin: 0;
}

/* HTML5 display definitions
   ========================================================================== */

/**
 * Add the correct display in IE 9-.
 * 1. Add the correct display in Edge, IE, and Firefox.
 * 2. Add the correct display in IE.
 */

article,
aside,
details, /* 1 */
figcaption,
figure,
footer,
header,
main, /* 2 */
menu,
nav,
section,
summary { /* 1 */
  display: block;
}

/**
 * Add the correct display in IE 9-.
 */

audio,
canvas,
progress,
video {
  display: inline-block;
}

/**
 * Add the correct display in iOS 4-7.
 */

audio:not([controls]) {
  display: none;
  height: 0;
}

/**
 * Add the correct vertical alignment in Chrome, Firefox, and Opera.
 */

progress {
  vertical-align: baseline;
}

/**
 * Add the correct display in IE 10-.
 * 1. Add the correct display in IE.
 */

template, /* 1 */
[hidden] {
  display: none;
}

/* Links
   ========================================================================== */

/**
 * 1. Remove the gray background on active links in IE 10.
 * 2. Remove gaps in links underline in iOS 8+ and Safari 8+.
 */

a {
  background-color: transparent; /* 1 */
  -webkit-text-decoration-skip: objects; /* 2 */
}

/**
 * Remove the outline on focused links when they are also active or hovered
 * in all browsers (opinionated).
 */

a:active,
a:hover {
  outline-width: 0;
}

/* Text-level semantics
   ========================================================================== */

/**
 * 1. Remove the bottom border in Firefox 39-.
 * 2. Add the correct text decoration in Chrome, Edge, IE, Opera, and Safari.
 */

abbr[title] {
  border-bottom: none; /* 1 */
  text-decoration: underline; /* 2 */
  text-decoration: underline dotted; /* 2 */
}

/**
 * Prevent the duplicate application of `bolder` by the next rule in Safari 6.
 */

b,
strong {
  font-weight: inherit;
}

/**
 * Add the correct font weight in Chrome, Edge, and Safari.
 */

b,
strong {
  font-weight: bolder;
}

/**
 * Add the correct font style in Android 4.3-.
 */

dfn {
  font-style: italic;
}

/**
 * Correct the font size and margin on `h1` elements within `section` and
 * `article` contexts in Chrome, Firefox, and Safari.
 */

h1 {
  font-size: 2em;
  margin: 0.67em 0;
}

/**
 * Add the correct background and color in IE 9-.
 */

mark {
  background-color: #ff0;
  color: #000;
}

/**
 * Add the correct font size in all browsers.
 */

small {
  font-size: 80%;
}

/**
 * Prevent `sub` and `sup` elements from affecting the line height in
 * all browsers.
 */

sub,
sup {
  font-size: 75%;
  line-height: 0;
  position: relative;
  vertical-align: baseline;
}

sub {
  bottom: -0.25em;
}

sup {
  top: -0.5em;
}

/* Embedded content
   ========================================================================== */

/**
 * Remove the border on images inside links in IE 10-.
 */

img {
  border-style: none;
}

/**
 * Hide the overflow in IE.
 */

svg:not(:root) {
  overflow: hidden;
}

/* Grouping content
   ========================================================================== */

/**
 * 1. Correct the inheritance and scaling of font size in all browsers.
 * 2. Correct the odd `em` font sizing in all browsers.
 */

code,
kbd,
pre,
samp {
  font-family: monospace, monospace; /* 1 */
  font-size: 1em; /* 2 */
}

/**
 * Add the correct margin in IE 8.
 */

figure {
  margin: 1em 40px;
}

/**
 * 1. Add the correct box sizing in Firefox.
 * 2. Show the overflow in Edge and IE.
 */

hr {
  box-sizing: content-box; /* 1 */
  height: 0; /* 1 */
  overflow: visible; /* 2 */
}

/* Forms
   ========================================================================== */

/**
 * 1. Change font properties to `inherit` in all browsers (opinionated).
 * 2. Remove the margin in Firefox and Safari.
 */

button,
input,
optgroup,
select,
textarea {
  font: inherit; /* 1 */
  margin: 0; /* 2 */
}

/**
 * Restore the font weight unset by the previous rule.
 */

optgroup {
  font-weight: bold;
}

/**
 * Show the overflow in IE.
 * 1. Show the overflow in Edge.
 */

button,
input { /* 1 */
  overflow: visible;
}

/**
 * Remove the inheritance of text transform in Edge, Firefox, and IE.
 * 1. Remove the inheritance of text transform in Firefox.
 */

button,
select { /* 1 */
  text-transform: none;
}

/**
 * 1. Prevent a WebKit bug where (2) destroys native `audio` and `video`
 *    controls in Android 4.
 * 2. Correct the inability to style clickable types in iOS and Safari.
 */

button,
html [type=&quot;button&quot;], /* 1 */
[type=&quot;reset&quot;],
[type=&quot;submit&quot;] {
  -webkit-appearance: button; /* 2 */
}

/**
 * Remove the inner border and padding in Firefox.
 */

button::-moz-focus-inner,
[type=&quot;button&quot;]::-moz-focus-inner,
[type=&quot;reset&quot;]::-moz-focus-inner,
[type=&quot;submit&quot;]::-moz-focus-inner {
  border-style: none;
  padding: 0;
}

/**
 * Restore the focus styles unset by the previous rule.
 */

button:-moz-focusring,
[type=&quot;button&quot;]:-moz-focusring,
[type=&quot;reset&quot;]:-moz-focusring,
[type=&quot;submit&quot;]:-moz-focusring {
  outline: 1px dotted ButtonText;
}

/**
 * Change the border, margin, and padding in all browsers (opinionated).
 */

fieldset {
  border: 1px solid #c0c0c0;
  margin: 0 2px;
  padding: 0.35em 0.625em 0.75em;
}

/**
 * 1. Correct the text wrapping in Edge and IE.
 * 2. Correct the color inheritance from `fieldset` elements in IE.
 * 3. Remove the padding so developers are not caught out when they zero out
 *    `fieldset` elements in all browsers.
 */

legend {
  box-sizing: border-box; /* 1 */
  color: inherit; /* 2 */
  display: table; /* 1 */
  max-width: 100%; /* 1 */
  padding: 0; /* 3 */
  white-space: normal; /* 1 */
}

/**
 * Remove the default vertical scrollbar in IE.
 */

textarea {
  overflow: auto;
}

/**
 * 1. Add the correct box sizing in IE 10-.
 * 2. Remove the padding in IE 10-.
 */

[type=&quot;checkbox&quot;],
[type=&quot;radio&quot;] {
  box-sizing: border-box; /* 1 */
  padding: 0; /* 2 */
}

/**
 * Correct the cursor style of increment and decrement buttons in Chrome.
 */

[type=&quot;number&quot;]::-webkit-inner-spin-button,
[type=&quot;number&quot;]::-webkit-outer-spin-button {
  height: auto;
}

/**
 * 1. Correct the odd appearance in Chrome and Safari.
 * 2. Correct the outline style in Safari.
 */

[type=&quot;search&quot;] {
  -webkit-appearance: textfield; /* 1 */
  outline-offset: -2px; /* 2 */
}

/**
 * Remove the inner padding and cancel buttons in Chrome and Safari on OS X.
 */

[type=&quot;search&quot;]::-webkit-search-cancel-button,
[type=&quot;search&quot;]::-webkit-search-decoration {
  -webkit-appearance: none;
}

/**
 * Correct the text style of placeholders in Chrome, Edge, and Safari.
 */

::-webkit-input-placeholder {
  color: inherit;
  opacity: 0.54;
}

/**
 * 1. Correct the inability to style clickable types in iOS and Safari.
 * 2. Change font properties to `inherit` in Safari.
 */

::-webkit-file-upload-button {
  -webkit-appearance: button; /* 1 */
  font: inherit; /* 2 */
}
</style>

<style>/*--MyStyle--*/
#main,#sidebar {
	overflow: hidden;
}
.post, #breadcrumb, #sidebar .widget, .status-msg-wrap {
	box-shadow: 0px 3px 4px 0px rgba(0, 0, 0, 0.18);
}
#breadcrumb, .status-msg-wrap {
	padding: 20px 20px 20px 5px;
	background: white;
	margin-bottom: 30px;
	overflow: hidden;
	font-size: 1em;
}
.status-msg-body {
	padding-left: 15px;
}
#blog-pager &gt; * {
	float: right
}
#blog-pager a{
	display: block;
	margin: 0 10px;
	color: inherit
}
* { box-sizing: border-box }
body {
	font-family: arial;
	font-size: 13px;
	color: #656565;
	background: #f6f6f6
}
.post-footer {
    display: none;
}
#Header1 {
	width: 1000px;
	margin: 0 auto;
	padding: 30px;
	color: white;
}
#HTML1 {
	background: #26519E;
	box-shadow: 0 6px 5px -4px rgba(0, 0, 0, 0.29);
	overflow: hidden;
	border-bottom: 10px solid #3766b9;
}
#HTML1 .widget-content {
	width: 940px;
	margin: 0 auto;
}
#HTML1 ul {
	list-style: none;
	padding: 0;
	margin: 0;
	float: left;
}
#HTML1 li {
	float: left;
}
#HTML1 a {
	display: block;
	padding: 20px 25px 20px 20px;
	color: #fff;
	text-decoration: none;
	text-transform: uppercase;
	font-weight: 700;
	font-size: 15px;
}
#HTML1 a:hover, #HTML1 a.home {
	background: #3766b9;
}
#header {
	background: #26519E;
	padding-top: 20px;
}
#kontener {
	width: 1000px;
	margin: 0 auto;
	padding: 30px;
	overflow: hidden;
}
#main {
	float: left;
	width: 600;
}
.post {
	margin-bottom: 30px;
	padding: 30px;
	background: white;
	overflow: hidden;
	position: relative;
}
.entry-title {
	font-size: 27px;
	margin-top: 0px;
	line-height: 1.3em;
}
.entry-title a {
	color: inherit;
	text-decoration: none;
	transition: .25s ease
}
.entry-title a:hover {
	color: #4aa2ed;
}
.entry-content {
	font-size: 1.45em;
	line-height: 1.5em;
}
#sidebar {
	float: right;
	width: 300px;
}
#HTML2 {
	margin-bottom: 30px;
	height: 250px
}
#sidebar .PopularPosts {
	padding: 30px;
	background: #3B4A63;
}
#sidebar .PopularPosts h2 {
	text-transform: uppercase;
	color: white;
	margin: 0 0 9px 0;
	font-weight: 900;
	font-size: 3.3em;
	width: 100px;
	border-bottom: 5px solid #fff;
	padding-bottom: 8px;
}
#sidebar .PopularPosts ul {
	list-style: none;
	margin: 0;
	padding: 0;
	font-family: open sans;
	font-size: 12px;
}
#sidebar .PopularPosts a {
	display: block;
	padding: 8px 0px;
	text-decoration: none;
	color: white;
	font-size: 1.2em;
	line-height: 1.7em;
	border-bottom: 1px dashed #ABABAB;
}
#sidebar .PopularPosts ul li:last-child a {
	border-bottom: none;
}
#footer {
	background: #242424;
	padding-top: 15px;
}
#footer a {
	color: #8A8A8A;
	text-decoration: none;
}
#footer a:hover {
	color: #fff
	text-decoration: underline;
}
#HTML3 {
	width: 940px;
	margin: 0 auto;
}
#HTML3 .widget-content {
	text-align: center;
}
#HTML3 table {
	margin: 0px auto;
}
#HTML3 td {
	padding: 20px;
}
#HTML4 {
	color: #dbdbdb;
}
#HTML4 .widget-content {
	padding-top: 15px;
}
#HTML4 img {
	clear: both;
	display: block;
	margin-top: 10px;
	padding-bottom: 40px;
}
#HTML4 h5 {
	margin: 0;
	font-size: 14px;
	font-weight: 700;
	color: #8D8D8D;
	padding: 10px 0;
	border-width: 1px 0 1px 0;
	border-style: solid;
	width: 940px;
	margin-bottom: 20px;
	border-color: #676767;
}
</style>

<link href='https://fonts.googleapis.com/css?family=Open+Sans' rel='stylesheet' type='text/css'/>
<b:if cond='data:blog.pageType not in {&quot;item&quot;, &quot;static_page&quot;}'>
<style>
.entry-title {
	margin-bottom: 0px;
}
.post-info {
	font-size: 1.15em;
	text-transform: uppercase;
	color: #8D8D8D;
	margin: 10px 0 15px 0;
	font-weight: 700;
}
.infoplus {
	font-size: 15px;
	float: right;
	color: rgb(155, 155, 155);
	position: absolute;
	right: 30px;
	bottom: 25px;
	background: white;
	padding: 5px 10px;
}
</style>
</b:if>
<b:if cond='data:blog.pageType in {&quot;item&quot;, &quot;static_page&quot;}'>
<style>
.entry-title {
	font-size: 3.3em;
	margin-top: 0px;
	margin-bottom: 30px;
	line-height: 1.3em;
	font-weight: 900;
	border-bottom: 10px solid #6A6A6A;
	padding-bottom: 15px;
}
#breadcrumb ol {
	list-style: none;
	padding: 0;
	margin: 0;
}
#breadcrumb li {
	float: left;
}
#breadcrumb a {
	padding: 0 15px;
	text-decoration: none;
	color: inherit;
}
.entry-content {
	font-size: 1.18em;
	line-height: 1.7em;
	font-family: &quot;Open Sans&quot;, Tahoma, Calibri, sans-serif;
}
</style>
</b:if>
<style>
/*-- desain responsif --*/
@media(max-width:1000px){
	#kontener {
		max-width: 100%;
	}
	#main {
		width: 550px;
	}
}
@media(max-width:935px){
	#main, #sidebar {
		width: 700px;
		float: none;
		margin: 0 auto;
		max-width: 100%;
		overflow: hidden;
		margin-bottom: 30px;
	}
	#sidebar #HTML2 {
		box-shadow: none;
		text-align: center;
	}
}
@media(max-width: 580px){
	.entry-title {
		font-size: 22px;
		line-height: 30px;
		padding-bottom: 5px;
		border-width: 5px;
		margin-bottom: 10px;
	}
}
@media(max-width: 415px){
	#kontener {
		padding: 30px 10px;
	}
	#breadcrumb, .status-msg-wrap {
		margin-bottom: 15px;
	}
}
</style>

<b:section id='header'>
  <b:widget id='Header1' locked='false' title='Optimasi Blogger (Header)' type='Header' version='1' visible='true'>
    <b:includable id='main'>

  <b:if cond='data:useImage'>
    <b:if cond='data:imagePlacement == &quot;BEHIND&quot;'>
      <!--
      Show image as background to text. You can't really calculate the width
      reliably in JS because margins are not taken into account by any of
      clientWidth, offsetWidth or scrollWidth, so we don't force a minimum
      width if the user is using shrink to fit.
      This results in a margin-width's worth of pixels being cropped. If the
      user is not using shrink to fit then we expand the header.
      -->
      <b:if cond='data:mobile'>
        <div id='header-inner'>
          <div class='titlewrapper' style='background: transparent'>
            <h1 class='title' style='background: transparent; border-width: 0px'>
              <b:include name='title'/>
            </h1>
          </div>
          <b:include name='description'/>
        </div>
      <b:else/>
        <div expr:style='&quot;background-image: url(\&quot;&quot; + data:sourceUrl + &quot;\&quot;); &quot;                      + &quot;background-position: &quot;                      + data:backgroundPositionStyleStr + &quot;; &quot;                      + data:widthStyleStr                      + &quot;min-height: &quot; + data:height                      + &quot;_height: &quot; + data:height                      + &quot;background-repeat: no-repeat; &quot;' id='header-inner'>
          <div class='titlewrapper' style='background: transparent'>
            <h1 class='title' style='background: transparent; border-width: 0px'>
              <b:include name='title'/>
            </h1>
          </div>
          <b:include name='description'/>
        </div>
      </b:if>
    <b:else/>
      <!--Show the image only-->
      <div id='header-inner'>
        <a expr:href='data:blog.homepageUrl' expr:title='data:post.title' style='display: block'>
          <img expr:alt='data:title' expr:height='data:height' expr:id='data:widget.instanceId + &quot;_headerimg&quot;' expr:src='data:sourceUrl' expr:width='data:width' style='display: block'/>
        </a>
        <!--Show the description-->
        <b:if cond='data:imagePlacement == &quot;BEFORE_DESCRIPTION&quot;'>
          <b:include name='description'/>
        </b:if>
      </div>
    </b:if>
  <b:else/>
    <!--No header image -->
    <div id='header-inner'>
      <div class='titlewrapper'>
        <h1 class='title'>
          <b:include name='title'/>
        </h1>
      </div>
      <b:include name='description'/>
    </div>
  </b:if>
</b:includable>
    <b:includable id='description'>
  <div class='descriptionwrapper'>
    <p class='description'><span><data:description/></span></p>
  </div>
</b:includable>
    <b:includable id='title'>
  <b:if cond='data:blog.url == data:blog.homepageUrl'>
    <data:title/>
  <b:else/>
    <a expr:href='data:blog.homepageUrl' expr:title='data:title'><data:title/></a>
  </b:if>
</b:includable>
  </b:widget>
  <b:widget id='HTML1' locked='false' title='Menubar' type='HTML' version='1' visible='true'>
    <b:includable id='main'>
  <div class='widget-content'>
    <data:content/>
  </div>

</b:includable>
  </b:widget>
</b:section>

<div id='kontener'>
<b:section id='main'>
  <b:widget id='Blog1' locked='true' title='Posting Blog' type='Blog' version='1' visible='true'>
    <b:includable id='main' var='top'>
  <b:if cond='!data:mobile'>
    <!-- posts -->
    <div class='blog-posts hfeed'>

      <b:include data='top' name='status-message'/>

      <b:loop values='data:posts' var='post'>
        <b:if cond='data:post.isDateStart and not data:post.isFirstPost'>
          &lt;/div&gt;&lt;/div&gt;
        </b:if>
        <b:if cond='data:post.isDateStart'>
          &lt;div class=&quot;date-outer&quot;&gt;
        </b:if>
        <b:if cond='data:post.isDateStart'>
          &lt;div class=&quot;date-posts&quot;&gt;
        </b:if>

<b:if cond='data:blog.pageType == &quot;item&quot;'>
<div id='breadcrumb'>
    <ol typeof='BreadcrumbList' vocab='http://schema.org/'>
      <li property='itemListElement' typeof='ListItem'>
		<a expr:href='data:blog.homepageUrl' expr:title='data:blog.title' property='item' typeof='WebPage'>
		<i class='material-icons' style='vertical-align: middle; margin-top: -5px; margin-right: 10px;'>&#59530;</i> 
        <span property='name'><data:blog.title/></span></a> &#187;  
        <meta expr:content='1' property='position'/>
      </li>
	  <b:loop index='index' values='data:post.labels' var='label'>
      <li property='itemListElement' typeof='ListItem'>
		<a expr:href='data:label.url' expr:title='data:label.name' property='item' typeof='WebPage'>
        <span property='name'><data:label.name/></span></a><b:if cond='not data:label.isLast'> &#187; </b:if>
        <meta expr:content='data:index + 2' property='position'/>
      </li>
      </b:loop>
    </ol>
</div>
</b:if>

<b:if cond='data:blog.pageType == &quot;static_page&quot;'>
<div id='breadcrumb'>
    <ol typeof='BreadcrumbList' vocab='http://schema.org/'>
      <li property='itemListElement' typeof='ListItem'>
		<a expr:href='data:blog.homepageUrl' expr:title='data:blog.title' property='item' typeof='WebPage'>
		<i class='material-icons' style='vertical-align: middle; margin-top: -5px; margin-right: 10px;'>&#59530;</i> 
        <span property='name'><data:blog.title/></span></a> &#187;  
        <meta expr:content='1' property='position'/>
      </li>
      <li property='itemListElement' typeof='ListItem'>
		<a expr:href='data:post.title' expr:title='data:blog.title' property='item' typeof='WebPage'>
        <span property='name'><data:post.title/></span></a>
        <meta expr:content='2' property='position'/>
      </li>
    </ol>
</div>
</b:if>


        <div class='post-outer'>
          <b:include data='post' name='post'/>
          <b:include cond='data:blog.pageType in {&quot;static_page&quot;,&quot;item&quot;}' data='post' name='comment_picker'/>
        </div>

        <!-- Ad -->
        <b:if cond='data:post.includeAd'>
          <div class='inline-ad'>
            <data:adCode/>
          </div>
        </b:if>
      </b:loop>
      <b:if cond='data:numPosts != 0'>
        &lt;/div&gt;&lt;/div&gt;
      </b:if>
    </div>

    <!-- navigation -->
    <b:include name='nextprev'/>

    <!-- feed links -->
    <b:include name='feedLinks'/>

  <b:else/>
    <b:include name='mobile-main'/>
  </b:if>

  <b:if cond='data:top.showPlusOne'>
    <data:top.googlePlusBootstrap/>
  </b:if>

</b:includable>
    <b:includable id='backlinkDeleteIcon' var='backlink'>
  <span expr:class='&quot;item-control &quot; + data:backlink.adminClass'>
    <a expr:href='data:backlink.deleteUrl' expr:title='data:top.deleteBacklinkMsg'>
      <img src='//www.blogger.com/img/icon_delete13.gif' title='delete'/>
    </a>
  </span>
</b:includable>
    <b:includable id='backlinks' var='post'>
  <a name='links'/><h4><data:post.backlinksLabel/></h4>
  <b:if cond='data:post.numBacklinks != 0'>
    <dl class='comments-block' id='comments-block'>
      <b:loop values='data:post.backlinks' var='backlink'>
        <div class='collapsed-backlink backlink-control'>
          <dt class='comment-title'>
            <span class='backlink-toggle-zippy'>&#160;</span>
            <a expr:href='data:backlink.url' rel='nofollow'><data:backlink.title/></a>
            <b:include data='backlink' name='backlinkDeleteIcon'/>
          </dt>
          <dd class='comment-body collapseable'>
            <data:backlink.snippet/>
          </dd>
          <dd class='comment-footer collapseable'>
            <span class='comment-author'><data:post.authorLabel/> <data:backlink.author/></span>
            <span class='comment-timestamp'><data:post.timestampLabel/> <data:backlink.timestamp/></span>
          </dd>
        </div>
      </b:loop>
    </dl>
  </b:if>
  <p class='comment-footer'>
    <a class='comment-link' expr:href='data:post.createLinkUrl' expr:id='data:widget.instanceId + &quot;_backlinks-create-link&quot;' expr:title='data:post.createLinkLabel' target='_blank' title='komentar'><data:post.createLinkLabel/></a>
  </p>
</b:includable>
    <b:includable id='comment-form' var='post'>
  <div class='comment-form'>
<div class='fb-comments' data-numposts='50' data-order-by='reverse_time' data-width='100%' expr:data-href='data:post.url'/>

</div>
</b:includable>
    <b:includable id='commentDeleteIcon' var='comment'>
  <span expr:class='&quot;item-control &quot; + data:comment.adminClass'>
    <b:if cond='data:showCmtPopup'>
      <div class='goog-toggle-button'>
        <div class='goog-inline-block comment-action-icon'/>
      </div>
    <b:else/>
      <a class='comment-delete' expr:href='data:comment.deleteUrl' expr:title='data:top.deleteCommentMsg'>
        <img src='https://img1.blogblog.com/img/icon_delete13.gif'/>
      </a>
    </b:if>
  </span>
</b:includable>
    <b:includable id='comment_count_picker' var='post'>
  <b:if cond='data:post.commentSource == 1'>
    <span class='cmt_count_iframe_holder' expr:data-count='data:post.numComments' expr:data-onclick='data:post.addCommentOnclick' expr:data-post-url='data:post.url' expr:data-url='data:post.url.canonical.http'>
    </span>
  <b:else/>
    <a class='comment-link' expr:href='data:post.addCommentUrl' expr:onclick='data:post.addCommentOnclick' expr:title='data:post.createLinkLabel' title='komentar'>
      <data:post.commentLabelFull/>:
    </a>
  </b:if>
</b:includable>
    <b:includable id='comment_picker' var='post'>
  <b:if cond='data:post.commentSource == 1'>
    <b:include data='post' name='iframe_comments'/>
  <b:elseif cond='data:post.showThreadedComments'/>
    <b:include data='post' name='threaded_comments'/>
  <b:else/>
    <b:include data='post' name='comments'/>
  </b:if>
</b:includable>
    <b:includable id='comments' var='post'>
  <div class='comments' id='comments'>
    <b:if cond='data:post.allowComments'>
      <b:if cond='data:post.commentPagingRequired'>
        <span class='paging-control-container'>
          <b:if cond='data:post.hasOlderLinks'>
            <a expr:class='data:post.oldLinkClass' expr:href='data:post.oldestLinkUrl'><data:post.oldestLinkText/></a>
              &#160;
            <a expr:class='data:post.oldLinkClass' expr:href='data:post.olderLinkUrl'><data:post.olderLinkText/></a>
              &#160;
          </b:if>

          <data:post.commentRangeText/>

          <b:if cond='data:post.hasNewerLinks'>
            &#160;
            <a expr:class='data:post.newLinkClass' expr:href='data:post.newerLinkUrl'><data:post.newerLinkText/></a>
            &#160;
            <a expr:class='data:post.newLinkClass' expr:href='data:post.newestLinkUrl'><data:post.newestLinkText/></a>
          </b:if>
        </span>
      </b:if>

      <div expr:id='data:widget.instanceId + &quot;_comments-block-wrapper&quot;'>
        <dl expr:class='data:post.avatarIndentClass' id='comments-block'>
          <b:loop values='data:post.comments' var='comment'>
            <dt expr:class='&quot;comment-author &quot; + data:comment.authorClass' expr:id='data:comment.anchorName'>
              <b:if cond='data:comment.favicon'>
                <img expr:src='data:comment.favicon' height='16px' style='margin-bottom:-2px;' width='16px'/>
              </b:if>
              <a expr:name='data:comment.anchorName'/>
              <b:if cond='data:blog.enabledCommentProfileImages'>
                <data:comment.authorAvatarImage/>
              </b:if>
              <b:if cond='data:comment.authorUrl'>
                <a expr:href='data:comment.authorUrl' rel='nofollow'><data:comment.author/></a>
              <b:else/>
                <data:comment.author/>
              </b:if>
              <data:commentPostedByMsg/>
            </dt>
            <dd class='comment-body' expr:id='data:widget.instanceId + data:comment.cmtBodyIdPostfix'>
              <b:if cond='data:comment.isDeleted'>
                <span class='deleted-comment'><data:comment.body/></span>
              <b:else/>
                <p>
                  <data:comment.body/>
                </p>
              </b:if>
            </dd>
            <dd class='comment-footer'>
              <span class='comment-timestamp'>
                <a expr:href='data:comment.url' title='comment permalink'>
                  <data:comment.timestamp/>
                </a>
                <b:include data='comment' name='commentDeleteIcon'/>
              </span>
            </dd>
          </b:loop>
        </dl>
      </div>

      <b:if cond='data:post.commentPagingRequired'>
        <span class='paging-control-container'>
          <a expr:class='data:post.oldLinkClass' expr:href='data:post.oldestLinkUrl'>
            <data:post.oldestLinkText/>
          </a>
          <a expr:class='data:post.oldLinkClass' expr:href='data:post.olderLinkUrl'>
            <data:post.olderLinkText/>
          </a>
          &#160;
          <data:post.commentRangeText/>
          &#160;
          <a expr:class='data:post.newLinkClass' expr:href='data:post.newerLinkUrl'>
            <data:post.newerLinkText/>
          </a>
          <a expr:class='data:post.newLinkClass' expr:href='data:post.newestLinkUrl'>
            <data:post.newestLinkText/>
          </a>
        </span>
      </b:if>

      <p class='comment-footer'>
        <b:if cond='data:post.embedCommentForm'>
          <b:if cond='data:post.allowNewComments'>
            <b:include data='post' name='comment-form'/>
          <b:else/>
            <data:post.noNewCommentsText/>
          </b:if>
        <b:elseif cond='data:post.allowComments'/>
          <a expr:href='data:post.addCommentUrl' expr:onclick='data:post.addCommentOnclick'><data:postCommentMsg/></a>
        </b:if>
      </p>
    </b:if>
    <b:if cond='data:showCmtPopup'>
      <div id='comment-popup'>
        <iframe allowtransparency='true' frameborder='0' id='comment-actions' name='comment-actions' scrolling='no'>
        </iframe>
      </div>
    </b:if>

    <div id='backlinks-container'>
    <div expr:id='data:widget.instanceId + &quot;_backlinks-container&quot;'>
       <b:include cond='data:post.showBacklinks' data='post' name='backlinks'/>
    </div>
    </div>
  </div>
</b:includable>
    <b:includable id='feedLinks'>
</b:includable>
    <b:includable id='feedLinksBody' var='links'>
  <div class='feed-links'>
  <data:feedLinksMsg/>
  <b:loop values='data:links' var='f'>
     <a class='feed-link' expr:href='data:f.url' expr:type='data:f.mimeType' target='_blank'><data:f.name/> (<data:f.feedType/>)</a>
  </b:loop>
  </div>
</b:includable>
    <b:includable id='iframe_comments' var='post'>

  <b:if cond='data:post.allowIframeComments'>
    <script expr:src='data:post.iframeCommentSrc' type='text/javascript'/>
    <div class='cmt_iframe_holder' expr:data-href='data:post.url.canonical' expr:data-viewtype='data:post.viewType'/>

    <b:if cond='data:post.embedCommentForm == &quot;false&quot;'>
      <a expr:href='data:post.addCommentUrl' expr:onclick='data:post.addCommentOnclick'><data:postCommentMsg/></a>
    </b:if>
  </b:if>
</b:includable>
    <b:includable id='mobile-index-post' var='post'>
  <div class='mobile-date-outer date-outer'>
    <b:if cond='data:post.dateHeader'>
      <div class='date-header'>
        <span><data:post.dateHeader/></span>
      </div>
    </b:if>

    <div class='mobile-post-outer'>
      <a expr:href='data:post.url' expr:title='data:post.title'>
        <h3 class='mobile-index-title entry-title' itemprop='name'>
          <data:post.title/>
        </h3>

        <div class='mobile-index-arrow'>&amp;rsaquo;</div>

        <div class='mobile-index-contents'>
          <b:if cond='data:post.thumbnailUrl'>
            <div class='mobile-index-thumbnail'>
              <div class='Image'>
                <img expr:src='data:post.thumbnailUrl'/>
              </div>
            </div>
          </b:if>

          <div class='post-body'>
            <b:if cond='data:post.snippet'><data:post.snippet/></b:if>
          </div>
        </div>

        <div style='clear: both;'/>
      </a>

      <div class='mobile-index-comment'>
        <b:include cond='data:blog.pageType != &quot;static_page&quot;                          and data:post.allowComments                          and data:post.numComments != 0' data='post' name='comment_count_picker'/>
      </div>
    </div>
  </div>
</b:includable>
    <b:includable id='mobile-main' var='top'>
    <!-- posts -->
    <div class='blog-posts hfeed'>

      <b:include data='top' name='status-message'/>

      <b:if cond='data:blog.pageType == &quot;index&quot;'>
        <b:loop values='data:posts' var='post'>
          <b:include data='post' name='mobile-index-post'/>
        </b:loop>
      <b:else/>
        <b:loop values='data:posts' var='post'>
          <b:include data='post' name='mobile-post'/>
        </b:loop>
      </b:if>
    </div>

   <b:include name='mobile-nextprev'/>
</b:includable>
    <b:includable id='mobile-nextprev'>
  <div class='blog-pager' id='blog-pager'>
    <b:if cond='data:newerPageUrl'>
      <div class='mobile-link-button' id='blog-pager-newer-link'>
      <a class='blog-pager-newer-link' expr:href='data:newerPageUrl' expr:id='data:widget.instanceId + &quot;_blog-pager-newer-link&quot;' expr:title='data:newerPageTitle'>&amp;lsaquo;</a>
      </div>
    </b:if>

    <b:if cond='data:olderPageUrl'>
      <div class='mobile-link-button' id='blog-pager-older-link'>
      <a class='blog-pager-older-link' expr:href='data:olderPageUrl' expr:id='data:widget.instanceId + &quot;_blog-pager-older-link&quot;' expr:title='data:olderPageTitle'>&amp;rsaquo;</a>
      </div>
    </b:if>

    <div class='mobile-link-button' id='blog-pager-home-link'>
    <a class='home-link' expr:href='data:blog.homepageUrl' title='Beranda'><data:homeMsg/></a>
    </div>

    <div class='mobile-desktop-link'>
      <a class='home-link' expr:href='data:desktopLinkUrl' title='beranda'><data:desktopLinkMsg/></a>
    </div>

  </div>
  <div class='clear'/>
</b:includable>
    <b:includable id='mobile-post' var='post'>
  <div class='date-outer'>
    <b:if cond='data:post.dateHeader'>
      <h2 class='date-header'><span><data:post.dateHeader/></span></h2>
    </b:if>
    <div class='date-posts'>
      <div class='post-outer'>

        <div class='post hentry uncustomized-post-template' itemscope='itemscope' itemtype='http://schema.org/BlogPosting'>
          <b:if cond='data:post.thumbnailUrl'>
            <meta expr:content='data:post.thumbnailUrl' itemprop='image_url'/>
          </b:if>

          <a expr:name='data:post.id'/>
          <b:if cond='data:post.title'>
            <h3 class='post-title entry-title' itemprop='headline'>
              <b:if cond='data:post.link'>
                <a expr:href='data:post.link' expr:title='data:post.title'><data:post.title/></a>
              <b:elseif cond='data:post.url and data:blog.url != data:post.url'/>
                <a expr:href='data:post.url' expr:title='data:post.title'><data:post.title/></a>
              <b:else/>
                <data:post.title/>
              </b:if>
            </h3>
          </b:if>

          <div class='post-header'>
            <div class='post-header-line-1'/>
          </div>

          <div class='post-body entry-content' expr:id='&quot;post-body-&quot; + data:post.id' itemprop='articleBody'>
            <data:post.body/>
            <div style='clear: both;'/> <!-- clear for photos floats -->
          </div>

          <div class='post-footer'>
            <div class='post-footer-line post-footer-line-1'>
              <span class='post-author vcard'>
                <b:if cond='data:top.showAuthor'>
                  <b:if cond='data:post.authorProfileUrl'>
                    <span class='fn' itemprop='author' itemscope='itemscope' itemtype='http://schema.org/Person'>
                      <meta expr:content='data:post.authorProfileUrl' itemprop='url'/>
                      <a expr:href='data:post.authorProfileUrl' rel='author' title='author profile'>
                        <span itemprop='name'><data:post.author/></span>
                      </a>
                    </span>
                  <b:else/>
                    <span class='fn' itemprop='author' itemscope='itemscope' itemtype='http://schema.org/Person'>
                      <span itemprop='name'><data:post.author/></span>
                    </span>
                  </b:if>
                </b:if>
              </span>

              <span class='post-timestamp'>
                <b:if cond='data:top.showTimestamp'>
                  <data:top.timestampLabel/>
                  <b:if cond='data:post.url'>
                    <meta expr:content='data:post.url.canonical' itemprop='url'/>
                    <a class='timestamp-link' expr:href='data:post.url' expr:title='data:post.title' rel='bookmark' title='permanent link'><abbr class='published' expr:title='data:post.timestampISO8601' itemprop='datePublished dateModified'><data:post.timestamp/></abbr></a>
                  </b:if>
                </b:if>
              </span>

            </div>

            <div class='post-footer-line post-footer-line-2'>
              <b:if cond='data:top.showMobileShare'>
                <div class='mobile-link-button goog-inline-block' id='mobile-share-button'>
                  <a href='javascript:void(0);'><data:shareMsg/></a>
                </div>
              </b:if>
              <b:if cond='data:top.showDummy'>
                <div class='goog-inline-block dummy-container'><data:post.dummyTag/></div>
              </b:if>
            </div>

          </div>
        </div>

        <b:include cond='data:blog.pageType in {&quot;static_page&quot;,&quot;item&quot;}' data='post' name='comment_picker'/>
      </div>
    </div>
  </div>
</b:includable>
    <b:includable id='nextprev'>
  <div class='blog-pager' id='blog-pager'>
<b:if cond='data:blog.pageType not in {&quot;item&quot;, &quot;static_page&quot;}'>
    <b:if cond='data:olderPageUrl'>
      <span id='blog-pager-older-link'>
      <a class='blog-pager-older-link' expr:href='data:olderPageUrl' expr:id='data:widget.instanceId + &quot;_blog-pager-older-link&quot;' expr:title='data:olderPageTitle'><i class='material-icons'>&#58824;</i></a>
      </span>
      <b:else/>
      <span id='blog-pager-older-link'>
      <i class='material-icons' style='cursor: not-allowed; color:#cbcbcb'>&#58824;</i>
      </span>
    </b:if>
    <b:if cond='data:newerPageUrl'>
      <span id='blog-pager-newer-link'>
      <a class='blog-pager-newer-link' expr:href='data:newerPageUrl' expr:id='data:widget.instanceId + &quot;_blog-pager-newer-link&quot;' expr:title='data:newerPageTitle'><i class='material-icons'>&#58820;</i></a>
      </span>
      <b:else/>
      <span id='blog-pager-newer-link'>
      <i class='material-icons' style='cursor: not-allowed; color:#cbcbcb'>&#58820;</i>
      </span>
    </b:if>
    <a class='home-link' expr:href='data:blog.homepageUrl' title='Beranda'><i class='material-icons'>&#59530;</i></a>
</b:if>
    <b:if cond='data:mobileLinkUrl'>
      <div class='blog-mobile-link'>
        <a expr:href='data:mobileLinkUrl'><data:mobileLinkMsg/></a>
      </div>
    </b:if>

  </div>
  <div class='clear'/>
</b:includable>
    <b:includable id='post' var='post'>
  <div class='post hentry uncustomized-post-template' itemprop='blogPost' itemscope='itemscope' itemtype='http://schema.org/BlogPosting'>
    <b:if cond='data:post.firstImageUrl'>
      <meta expr:content='data:post.firstImageUrl' itemprop='image_url'/>
    </b:if>

    <b:if cond='data:post.title'>
      <h3 class='post-title entry-title' itemprop='headline mainEntityOfPage'>
      <b:if cond='data:post.link or (data:post.url and data:blog.url != data:post.url)'>
        <a expr:href='data:post.url + &quot;#breadcrumb&quot;' expr:title='data:post.title'><data:post.title/></a>
      <b:else/>
        <data:post.title/>
      </b:if>
      </h3>
    </b:if>

<b:if cond='data:blog.pageType not in {&quot;item&quot;, &quot;static_page&quot;}'>
    <div class='post-info'>
      diposkan oleh <data:post.author/> pada <data:post.timestamp/>
    </div>
</b:if>

    <!-- Then use the post body as the schema.org description, for good G+/FB snippeting. -->
    <div class='post-body entry-content' expr:id='&quot;post-body-&quot; + data:post.id' expr:itemprop='(data:blog.metaDescription ? &quot;&quot; : &quot;description &quot;) + &quot;articleBody&quot;'>
<b:if cond='data:blog.pageType == &quot;item&quot; or data:blog.pageType == &quot;static_page&quot;'>
      <data:post.body/>
</b:if>
<b:if cond='data:blog.pageType != &quot;item&quot; and data:blog.pageType != &quot;static_page&quot;'>
  <data:post.snippet/>
</b:if>
    </div>

<b:if cond='data:blog.pageType != &quot;item&quot; and data:blog.pageType != &quot;static_page&quot;'>
<div class='infoplus'>
<span class='fb-comments-count' expr:data-href='data:post.url'/>
Komentar
</div>
</b:if>

    <b:if cond='data:post.hasJumpLink'>
      <div class='jump-link'>
        <a expr:href='data:post.url + &quot;#more&quot;' expr:title='data:post.title'><data:post.jumpText/></a>
      </div>
    </b:if>


    <div class='post-footer'>
      <span itemprop='publisher'><data:blog.title/></span>
    <div class='post-footer-line post-footer-line-1'>
      <span class='post-author vcard'>
        <b:if cond='data:top.showAuthor'>
          <data:top.authorLabel/>
            <b:if cond='data:post.authorProfileUrl'>
              <span class='fn' itemprop='author' itemscope='itemscope' itemtype='http://schema.org/Person'>
                <meta expr:content='data:post.authorProfileUrl' itemprop='url'/>
                <a class='g-profile' expr:href='data:post.authorProfileUrl' rel='author' title='author profile'>
                  <span itemprop='name'><data:post.author/></span>
                </a>
              </span>
            <b:else/>
              <span class='fn' itemprop='author' itemscope='itemscope' itemtype='http://schema.org/Person'>
                <span itemprop='name'><data:post.author/></span>
              </span>
            </b:if>
        </b:if>
      </span>

      <span class='post-timestamp'>
        <b:if cond='data:top.showTimestamp'>
          <data:top.timestampLabel/>
          <b:if cond='data:post.url'>
            <meta expr:content='data:post.url.canonical' itemprop='url'/>
            <a class='timestamp-link' expr:href='data:post.url' expr:title='data:post.title' rel='bookmark' title='permanent link'><abbr class='published' expr:title='data:post.timestampISO8601' itemprop='datePublished dateModified'><data:post.timestampISO8601/></abbr></a>
          </b:if>
        </b:if>
      </span>

      <span class='reaction-buttons'>
        <b:if cond='data:top.showReactions'>
          <table border='0' cellpadding='0' cellspacing='0' width='100%'><tr>
            <td class='reactions-label-cell' nowrap='nowrap' valign='top' width='1%'>
              <span class='reactions-label'>
              <data:top.reactionsLabel/></span>&#160;</td>
            <td><iframe allowtransparency='true' class='reactions-iframe' expr:src='data:post.reactionsUrl' frameborder='0' name='reactions' scrolling='no'/></td>
           </tr></table>
        </b:if>
      </span>

       <!-- backlinks -->
       <span class='post-backlinks post-comment-link'>
         <b:if cond='data:blog.pageType not in {&quot;item&quot;,&quot;static_page&quot;}                      and data:post.showBacklinks'>
           <a class='comment-link' expr:href='data:post.url + &quot;#links&quot;' expr:title='data:post.createLinkLabel' title='komentar'><data:top.backlinkLabel/></a>
         </b:if>
       </span>

      <span class='post-icons'>
        <!-- email post links -->
        <b:if cond='data:post.emailPostUrl'>
          <span class='item-action'>
          <a expr:href='data:post.emailPostUrl' expr:title='data:top.emailPostMsg'>
            <img alt='' class='icon-action' height='13' src='//img1.blogblog.com/img/icon18_email.gif' width='18'/>
          </a>
          </span>
        </b:if>
      </span>

      <!-- share buttons -->
      <div class='post-share-buttons goog-inline-block'>
        <b:include cond='data:post.sharePostUrl' data='post' name='shareButtons'/>
      </div>

      </div>

      <div class='post-footer-line post-footer-line-2'>
      <span class='post-labels'>
        <b:if cond='data:top.showPostLabels and data:post.labels'>
          <data:postLabelsLabel/>
          <b:loop values='data:post.labels' var='label'>
            <a expr:href='data:label.url' expr:title='data:label.name' rel='tag'><data:label.name/></a><b:if cond='not data:label.isLast'>,</b:if>
          </b:loop>
        </b:if>
      </span>
      </div>

      <div class='post-footer-line post-footer-line-3'>
      <span class='post-location'>
        <b:if cond='data:top.showLocation and data:post.location'>
          <data:postLocationLabel/>
          <a expr:href='data:post.location.mapsUrl' target='_blank'><data:post.location.name/></a>
        </b:if>
      </span>
      </div>
      <b:if cond='data:post.authorAboutMe'>
        <div class='author-profile' itemprop='author' itemscope='itemscope' itemtype='http://schema.org/Person'>
          <b:if cond='data:post.authorPhoto.url'>
            <img expr:src='data:post.authorPhoto.url' itemprop='image' width='50px'/>
          </b:if>
          <div>
            <a class='g-profile' expr:href='data:post.authorProfileUrl' expr:title='data:post.author' itemprop='url' rel='author' title='author profile'>
              <span itemprop='name'><data:post.author/></span>
            </a>
          </div>
          <span itemprop='description'><data:post.authorAboutMe/></span>
        </div>
      </b:if>
    </div>
  </div>
</b:includable>
    <b:includable id='postQuickEdit' var='post'>
  <b:if cond='data:post.editUrl'>
  </b:if>
</b:includable>
    <b:includable id='shareButtons' var='post'>
  <b:if cond='data:top.showEmailButton'><a class='goog-inline-block share-button sb-email' expr:href='data:post.sharePostUrl + &quot;&amp;target=email&quot;' expr:title='data:top.emailThisMsg' target='_blank'><span class='share-button-link-text'><data:top.emailThisMsg/></span></a></b:if><b:if cond='data:top.showBlogThisButton'><a class='goog-inline-block share-button sb-blog' expr:href='data:post.sharePostUrl + &quot;&amp;target=blog&quot;' expr:onclick='&quot;window.open(this.href, \&quot;_blank\&quot;, \&quot;height=270,width=475\&quot;); return false;&quot;' expr:title='data:top.blogThisMsg' target='_blank'><span class='share-button-link-text'><data:top.blogThisMsg/></span></a></b:if><b:if cond='data:top.showTwitterButton'><a class='goog-inline-block share-button sb-twitter' expr:href='data:post.sharePostUrl + &quot;&amp;target=twitter&quot;' expr:title='data:top.shareToTwitterMsg' target='_blank'><span class='share-button-link-text'><data:top.shareToTwitterMsg/></span></a></b:if><b:if cond='data:top.showFacebookButton'><a class='goog-inline-block share-button sb-facebook' expr:href='data:post.sharePostUrl + &quot;&amp;target=facebook&quot;' expr:onclick='&quot;window.open(this.href, \&quot;_blank\&quot;, \&quot;height=430,width=640\&quot;); return false;&quot;' expr:title='data:top.shareToFacebookMsg' target='_blank'><span class='share-button-link-text'><data:top.shareToFacebookMsg/></span></a></b:if><b:if cond='data:top.showPinterestButton'><a class='goog-inline-block share-button sb-pinterest' expr:href='data:post.sharePostUrl + &quot;&amp;target=pinterest&quot;' expr:title='data:top.shareToPinterestMsg' target='_blank'><span class='share-button-link-text'><data:top.shareToPinterestMsg/></span></a></b:if><b:if cond='data:top.showPlusOne'><div class='goog-inline-block google-plus-share-container'><data:post.googlePlusShareTag/></div></b:if>
</b:includable>
    <b:includable id='status-message'>
  <b:if cond='data:navMessage'>
  <div class='status-msg-wrap'>
    <div class='status-msg-body'>
      <data:navMessage/>
    </div>
  </div>
  <div style='clear: both;'/>
  </b:if>
</b:includable>
    <b:includable id='threaded-comment-form' var='post'>
<div class='comment-form'>

<div class='fb-comments' data-numposts='5' data-order-by='reverse_time' expr:data-href='data:post.url'/>

</div>
</b:includable>
    <b:includable id='threaded_comment_js' var='post'>
  <script async='async' expr:src='data:post.commentSrc' type='text/javascript'/>

  <script type='text/javascript'>
    (function() {
      var items = <data:post.commentJso/>;
      var msgs = <data:post.commentMsgs/>;
      var config = <data:post.commentConfig/>;

// <![CDATA[
      var cursor = null;
      if (items && items.length > 0) {
        cursor = parseInt(items[items.length - 1].timestamp) + 1;
      }

      var bodyFromEntry = function(entry) {
        if (entry.gd$extendedProperty) {
          for (var k in entry.gd$extendedProperty) {
            if (entry.gd$extendedProperty[k].name == 'blogger.contentRemoved') {
              return '<span class="deleted-comment">' + entry.content.$t + '</span>';
            }
          }
        }
        return entry.content.$t;
      }

      var parse = function(data) {
        cursor = null;
        var comments = [];
        if (data && data.feed && data.feed.entry) {
          for (var i = 0, entry; entry = data.feed.entry[i]; i++) {
            var comment = {};
            // comment ID, parsed out of the original id format
            var id = /blog-(\d+).post-(\d+)/.exec(entry.id.$t);
            comment.id = id ? id[2] : null;
            comment.body = bodyFromEntry(entry);
            comment.timestamp = Date.parse(entry.published.$t) + '';
            if (entry.author && entry.author.constructor === Array) {
              var auth = entry.author[0];
              if (auth) {
                comment.author = {
                  name: (auth.name ? auth.name.$t : undefined),
                  profileUrl: (auth.uri ? auth.uri.$t : undefined),
                  avatarUrl: (auth.gd$image ? auth.gd$image.src : undefined)
                };
              }
            }
            if (entry.link) {
              if (entry.link[2]) {
                comment.link = comment.permalink = entry.link[2].href;
              }
              if (entry.link[3]) {
                var pid = /.*comments\/default\/(\d+)\?.*/.exec(entry.link[3].href);
                if (pid && pid[1]) {
                  comment.parentId = pid[1];
                }
              }
            }
            comment.deleteclass = 'item-control blog-admin';
            if (entry.gd$extendedProperty) {
              for (var k in entry.gd$extendedProperty) {
                if (entry.gd$extendedProperty[k].name == 'blogger.itemClass') {
                  comment.deleteclass += ' ' + entry.gd$extendedProperty[k].value;
                } else if (entry.gd$extendedProperty[k].name == 'blogger.displayTime') {
                  comment.displayTime = entry.gd$extendedProperty[k].value;
                }
              }
            }
            comments.push(comment);
          }
        }
        return comments;
      };

      var paginator = function(callback) {
        if (hasMore()) {
          var url = config.feed + '?alt=json&v=2&orderby=published&reverse=false&max-results=50';
          if (cursor) {
            url += '&published-min=' + new Date(cursor).toISOString();
          }
          window.bloggercomments = function(data) {
            var parsed = parse(data);
            cursor = parsed.length < 50 ? null
                : parseInt(parsed[parsed.length - 1].timestamp) + 1
            callback(parsed);
            window.bloggercomments = null;
          }
          url += '&callback=bloggercomments';
          var script = document.createElement('script');
          script.type = 'text/javascript';
          script.src = url;
          document.getElementsByTagName('head')[0].appendChild(script);
        }
      };
      var hasMore = function() {
        return !!cursor;
      };
      var getMeta = function(key, comment) {
        if ('iswriter' == key) {
          var matches = !!comment.author
              && comment.author.name == config.authorName
              && comment.author.profileUrl == config.authorUrl;
          return matches ? 'true' : '';
        } else if ('deletelink' == key) {
          return config.baseUri + '/delete-comment.g?blogID='
               + config.blogId + '&postID=' + comment.id;
        } else if ('deleteclass' == key) {
          return comment.deleteclass;
        }
        return '';
      };

      var replybox = null;
      var replyUrlParts = null;
      var replyParent = undefined;

      var onReply = function(commentId, domId) {
        if (replybox == null) {
          // lazily cache replybox, and adjust to suit this style:
          replybox = document.getElementById('comment-editor');
          if (replybox != null) {
            replybox.height = '250px';
            replybox.style.display = 'block';
            replyUrlParts = replybox.src.split('#');
          }
        }
        if (replybox && (commentId !== replyParent)) {
          replybox.src = '';
          document.getElementById(domId).insertBefore(replybox, null);
          replybox.src = replyUrlParts[0]
              + (commentId ? '&parentID=' + commentId : '')
              + '#' + replyUrlParts[1];
          replyParent = commentId;
        }
      };

      var hash = (window.location.hash || '#').substring(1);
      var startThread, targetComment;
      if (/^comment-form_/.test(hash)) {
        startThread = hash.substring('comment-form_'.length);
      } else if (/^c[0-9]+$/.test(hash)) {
        targetComment = hash.substring(1);
      }

      // Configure commenting API:
      var configJso = {
        'maxDepth': config.maxThreadDepth
      };
      var provider = {
        'id': config.postId,
        'data': items,
        'loadNext': paginator,
        'hasMore': hasMore,
        'getMeta': getMeta,
        'onReply': onReply,
        'rendered': true,
        'initComment': targetComment,
        'initReplyThread': startThread,
        'config': configJso,
        'messages': msgs
      };

      var render = function() {
        if (window.goog && window.goog.comments) {
          var holder = document.getElementById('comment-holder');
          window.goog.comments.render(holder, provider);
        }
      };

      // render now, or queue to render when library loads:
      if (window.goog && window.goog.comments) {
        render();
      } else {
        window.goog = window.goog || {};
        window.goog.comments = window.goog.comments || {};
        window.goog.comments.loadQueue = window.goog.comments.loadQueue || [];
        window.goog.comments.loadQueue.push(render);
      }
    })();
// ]]>
  </script>
</b:includable>
    <b:includable id='threaded_comments' var='post'>
  <div class='comments' id='comments'>
    <a name='comments'/>
    <h4><data:post.commentLabelFull/>:</h4>

    <div class='comments-content'>
      <b:include cond='data:post.embedCommentForm' data='post' name='threaded_comment_js'/>
      <div id='comment-holder'>
         <data:post.commentHtml/>
      </div>
    </div>

    <p class='comment-footer'>
      <b:if cond='data:post.allowNewComments'>
        <b:include data='post' name='threaded-comment-form'/>
      <b:else/>
        <data:post.noNewCommentsText/>
      </b:if>
    </p>

    <b:if cond='data:showCmtPopup'>
      <div id='comment-popup'>
        <iframe allowtransparency='true' frameborder='0' id='comment-actions' name='comment-actions' scrolling='no'>
        </iframe>
      </div>
    </b:if>

    <div id='backlinks-container'>
    <div expr:id='data:widget.instanceId + &quot;_backlinks-container&quot;'>
      <b:include cond='data:post.showBacklinks' data='post' name='backlinks'/>
    </div>
    </div>
  </div>
</b:includable>
  </b:widget>
</b:section>
<b:if cond='data:blog.pageType != &quot;static_page&quot;'>
<b:section id='sidebar'>
  <b:widget id='HTML2' locked='false' title='Tautan sponsor' type='HTML' version='1' visible='true'>
    <b:includable id='main'>
  <div class='widget-content'>
    <data:content/>
  </div>

</b:includable>
  </b:widget>
  <b:widget id='PopularPosts1' locked='false' title='Entri Populer' type='PopularPosts' version='1' visible='true'>
    <b:includable id='main'>
  <b:if cond='data:title != &quot;&quot;'><h2><data:title/></h2></b:if>
  <div class='widget-content popular-posts'>
    <ul>
      <b:loop values='data:posts' var='post'>
      <li>
        <b:if cond='!data:showThumbnails'>
          <b:if cond='!data:showSnippets'>
            <!-- (1) No snippet/thumbnail -->
            <a expr:href='data:post.href' expr:title='data:post.title'><data:post.title/></a>
          <b:else/>
            <!-- (2) Show only snippets -->
            <div class='item-title'><a expr:href='data:post.href' expr:title='data:post.title'><data:post.title/></a></div>
            <div class='item-snippet'><data:post.snippet/></div>
          </b:if>
        <b:else/>
          <!-- (3) Show only thumbnails or (4) Snippets and thumbnails. -->
          <div expr:class='data:showSnippets ? &quot;item-content&quot; : &quot;item-thumbnail-only&quot;'>
            <b:if cond='data:post.featuredImage.isResizable or data:post.thumbnail'>
              <div class='item-thumbnail'>
                <a expr:href='data:post.href' expr:title='data:post.title' target='_blank'>
                  <b:with value='data:post.featuredImage.isResizable                                  ? resizeImage(data:post.featuredImage, 72, &quot;1:1&quot;)                                  : data:post.thumbnail' var='image'>
                    <img border='0' expr:alt='data:post.title' expr:src='data:image' expr:title='data:post.title'/>
                  </b:with>
                </a>
              </div>
            </b:if>
            <div class='item-title'><a expr:href='data:post.href' expr:title='data:post.title'><data:post.title/></a></div>
            <b:if cond='data:showSnippets'>
              <div class='item-snippet'><data:post.snippet/></div>
            </b:if>
          </div>
          <div style='clear: both;'/>
        </b:if>
      </li>
      </b:loop>
    </ul>
  </div>
</b:includable>
  </b:widget>
</b:section>
<b:else/>
<style>
#main {
	width: 100%
}
</style>
</b:if>
</div>

<b:section id='footer'>
  <b:widget id='HTML3' locked='false' title='Navigasi Bawah' type='HTML' version='1' visible='true'>
    <b:includable id='main'>
  <div class='widget-content'>
    <data:content/>
  </div>
</b:includable>
  </b:widget>
  <b:widget id='HTML4' locked='false' title='Atribusi dan kredit' type='HTML' version='1' visible='true'>
    <b:includable id='main'>
  <div class='widget-content'>
    <data:content/>
  </div>
</b:includable>
  </b:widget>
</b:section>

&lt;!--
  </body>
--&gt;
</html>