<?xml version="1.0" encoding="UTF-8" ?>
<!DOCTYPE html>
<html xmlns='http://www.w3.org/1999/xhtml' xmlns:b='http://www.google.com/2005/gml/b' xmlns:data='http://www.google.com/2005/gml/data' xmlns:expr='http://www.google.com/2005/gml/expr' xmlns:og='http://ogp.me/ns#'>
<head>
	<meta charset='UTF-8'/>
    <meta content='IE=edge' http-equiv='X-UA-Compatible'/>
    <meta content='width=device-width, initial-scale=1' name='viewport'/>
    <meta content='7 days' name='revisit-after'/>
    <meta expr:content='data:blog.title + &quot; | Hak cipta dilindungi undang-undang&quot;' name='copyright'/>
    <meta content='Blogger' name='generator'/>
    <meta content='BTD Indonesia Starter Template' name='generator'/>
	<!-- Jangan kode hapus yang berada di atas! -->

	<!-- ganti nilai atribut [content] di bawah dengan deskripsi blog anda --> 
    <meta content='Blogger Template Designer Indonesia Starter Template merupakan sebuah tema Blogger yang dikhususkan untuk para pengembang. Dibuat oleh Samsul Arif (http://fb.com/szoel135)' name='description'/>

	<!-- ganti nilai atribut [content] di bawah dengan daftar label di blog anda (pisahkan dengan koma) --> 
    <meta content='blogger template, blogger template starter, BTDI, BTD Indonesia, Blogger Template Designer Indonesia' name='keywords'/>

	<!-- Title dan meta tag teroptimasi ala BTD Indonesia -->

	<!-- ganti nilai atribut [content] di bawah dengan ID facebook penulis, 
		 boleh buat lebih dari satu dengan property db:admins--> 
	<meta content='100011351597260' property='fb:admins'/>

	<!-- ganti nilai atribut [content] di bawah dengan app_id blog anda --> 
	<meta content='1041647185903093' property='fb:app_id'/>
	<meta expr:content='data:blog.title' property='og:site_name'/>
	<meta content='id_ID' property='og:locale'/>
	<meta content='true' property='og:rich_attachment'/>

	<!-- ubah nilai atribut [content] di bawah dengan ID facebook pengarang atau penulis --> 
	<meta content='100011351597260' property='fb:profile_id'/>

	<!-- optimasi judul, meta tag, dan facebook meta OpenGraph --> 
	<b:if cond='data:blog.url == data:blog.homepageUrl'>
		<!-- homepage -->
		<title><data:blog.title/></title>
		<meta content='website' property='og:type'/>
		<meta expr:content='data:blog.title' property='og:title'/>
		<meta expr:content='data:blog.homepageUrl' property='og:url'/>

		<!-- ganti nilai atribut [content] di bawah dengan deskripsi blog anda --> 
		<meta content='Blogger Template Designer Indonesia Starter Template merupakan sebuah tema Blogger yang dikhususkan untuk para pengembang. Dibuat oleh Samsul Arif (http://fb.com/szoel135)' property='og:description'/>

	    <!-- ganti nilai atribut [content] di bawah dengan url/link gambar
			 logo pada blog anda, ukuran minimal adalah 200 x 200 pixel --> 
		<meta content='https://2.bp.blogspot.com/-OyhTFDel1xE/V1rlp_DnLYI/AAAAAAAAAGA/7ZPdGhy2oqccdUCZPIffBiNwmGZzoAA1ACLcB/s1600/gambar.png' property='og:image'/>
	</b:if>
	<b:if cond='data:blog.pageType == &quot;item&quot;'>
		<!-- item -->
		<title><data:blog.pageName/> - <data:blog.title/></title>
		<meta content='article' property='og:type'/>
        <meta expr:content='data:blog.postMetaDescription' property='og:description'/>
		<meta expr:content='data:blog.pageName + &quot; - &quot; + data:blog.title' property='og:title'/>
		<meta expr:content='data:blog.canonicalUrl' property='og:url'/>
		<meta expr:content='data:blog.postImageUrl' property='og:image'/>

		<!-- ganti nilai atribut [content] di bawah dengan alamat facebook anda --> 
	    <meta content='http://www.facebook.com/szoel135' property='og:author'/>
	</b:if>
	<b:if cond='data:blog.pageType == &quot;static_page&quot;'>
		<!-- static_page -->
		<title><data:blog.pageName/></title>
		<meta expr:content='&quot;Baca Halaman &quot; + data:blog.pageName + &quot; di situs &quot; + data:blog.title' property='description'/>
        <meta expr:content='data:blog.pageName + &quot; di situs &quot; + data:post.title' property='description'/>
		<meta expr:content='data:blog.pageTitle' property='og:title'/>
		<meta expr:content='data:blog.url' property='og:url'/>
		<meta content='article' property='og:type'/>
		<meta expr:content='data:blog.postImageUrl' property='og:image'/>
		<meta expr:content='data:post.snippet' property='og:description'/>

		<!-- ganti nilai atribut [content] di bawah dengan alamat facebook anda --> 
	    <meta content='http://www.facebook.com/szoel135' property='og:author'/>
	</b:if>
	<b:if cond='data:blog.pageType == &quot;archive&quot;'>
		<!-- archive -->
     	<title><data:blog.pageName/> - <data:blog.title/></title>
		<meta content='website' property='og:type'/>
		<meta expr:content='data:blog.pageName + &quot; - &quot; + data:blog.title' property='og:title'/>
		<meta expr:content='data:blog.url' property='og:url'/>

		<!-- ganti nilai atribut [content] di bawah dengan link/url gambar yang ingin 
			 ditampilkan ketika seseorang membagikan link arsip di blog anda --> 
      	<meta content='https://2.bp.blogspot.com/-pLnp-9voHdM/V1rmfa4YqnI/AAAAAAAAAGM/W9gOc7TP27Ilpzh6WaDw9cylbDpd4OxFQCLcB/s1600/gambar.png' property='og:image'/>
		<meta expr:content='&quot;Cari beragam artikel yang dipublikasikan pada &quot; + data:blog.pageName + &quot; di &quot; + data:blog.title' property='og:description'/>
	</b:if>
	<b:if cond='data:blog.searchLabel'>
		<!-- label -->
     	<title><data:blog.pageName/> - <data:blog.title/></title>
		<meta content='website' property='og:type'/>

      <!-- ganti nilai atribut [content] di bawah dengan link/url gambar yang ingin 
			 ditampilkan ketika seseorang membagikan link arsip di blog anda --> 
      	<meta content='https://2.bp.blogspot.com/-pLnp-9voHdM/V1rmfa4YqnI/AAAAAAAAAGM/W9gOc7TP27Ilpzh6WaDw9cylbDpd4OxFQCLcB/s1600/gambar.png' property='og:image'/>
		<meta expr:content='data:blog.pageName + &quot; - &quot; + data:blog.title' property='og:title'/>
		<meta expr:content='data:blog.url' property='og:url'/>
		<meta expr:content='&quot;Cari beragam artikel mengenai &quot; + data:blog.pageName + &quot; hanya di &quot; + data:blog.title + &quot;!&quot;' property='og:description'/>
	</b:if>
	<b:if cond='data:blog.pageType == &quot;error_page&quot;'>
		<!-- 404 -->
     	<title>404 Tidak Ditemukan</title>
		<meta expr:content='&quot;Maaf! Sepertinya konten yang anda cari tidak ada di &quot; + data:blog.title' property='description'/>
		<meta content='website' property='og:type'/>
		<meta content='404 Tidak Ditemukan' property='og:title'/>
		<meta expr:content='data:blog.url' property='og:url'/>
		<meta expr:content='&quot;Maaf! Sepertinya konten yang anda cari tidak ada di situs &quot; + data:blog.title' property='og:description'/>
		<meta content='noindex, nofollow' name='robots'/>
      	<meta content='https://1.bp.blogspot.com/-2LR9mSApue8/V1rliPEr9NI/AAAAAAAAAFw/VY_r8iWibawl5qPVD_5N9lHpQHydUWbxACLcB/s1600/404.png' property='og:image'/>
	</b:if>

<b:skin><![CDATA[/*
------------------------------------------------------------
					Template Information
------------------------------------------------------------

Name	: BTD Indonesia Starter Template
Creator : Arif Zoel
Profile : https://www.facebook.com/szoel135
Group 	: https://www.facebook.com/groups/B.Template.ID

------------------------------------------------------------*/

/*--------------------
	Normalisasi
---------------------*/
*{box-sizing:border-box;max-width:100%}a{color:#20a1dd}iframe#comment-editor{min-height:270px!important}

/*--------------------
	Style blog
---------------------*/
body {
	font-family: arial, halvetica, sans-serif;
	font-size: 14px;
	margin: 0px;
}
.entry-content {
	line-height: 25px;
}
]]></b:skin>
</head>
<body>
    <div id='header'>
        <b:section id='header-wrapper'>
          <b:widget id='Header1' locked='false' title='My BTD Blog (Header)' type='Header' version='1' visible='true'>
            <b:includable id='main'>
                    <b:if cond='data:useImage'>
                        <b:if cond='data:imagePlacement == &quot;BEHIND&quot;'>
                            <!--
          Show image as background to text. You can't really calculate the width
          reliably in JS because margins are not taken into account by any of
          clientWidth, offsetWidth or scrollWidth, so we don't force a minimum
          width if the user is using shrink to fit.
          This results in a margin-width's worth of pixels being cropped. If the
          user is not using shrink to fit then we expand the header.
          -->
                            <b:if cond='data:mobile'>
                                <div id='header-inner'>
                                    <div class='titlewrapper' style='background: transparent'>
                                        <h1 class='title' style='background: transparent; border-width: 0px'>
                                            <b:include name='title'/>
                                        </h1>
                                    </div>
                                    <b:include name='description'/>
                                </div>
                                <b:else/>
                                <div expr:style='&quot;background-image: url(\&quot;&quot; + data:sourceUrl + &quot;\&quot;); &quot;                      + &quot;background-position: &quot;                      + data:backgroundPositionStyleStr + &quot;; &quot;                      + data:widthStyleStr                      + &quot;min-height: &quot; + data:height                      + &quot;_height: &quot; + data:height                      + &quot;background-repeat: no-repeat; &quot;' id='header-inner'>
                                    <div class='titlewrapper' style='background: transparent'>
                                        <h1 class='title' style='background: transparent; border-width: 0px'>
                                            <b:include name='title'/>
                                        </h1>
                                    </div>
                                    <b:include name='description'/>
                                </div>
                            </b:if>
                            <b:else/>
                            <!--Show the image only-->
                            <div id='header-inner'>
                                <a expr:href='data:blog.homepageUrl' style='display: block'>
                                    <img expr:alt='data:title' expr:height='data:height' expr:id='data:widget.instanceId + &quot;_headerimg&quot;' expr:src='data:sourceUrl' expr:width='data:width' style='display: block'/>
                                </a>
                                <!--Show the description-->
                                <b:if cond='data:imagePlacement == &quot;BEFORE_DESCRIPTION&quot;'>
                                    <b:include name='description'/>
                                </b:if>
                            </div>
                        </b:if>
                        <b:else/>
                        <!--No header image -->
                        <div id='header-inner'>
                            <div class='titlewrapper'>
                                <h1 class='title'>
                                    <b:include name='title'/>
                                </h1>
                            </div>
                            <b:include name='description'/>
                        </div>
                    </b:if>
                </b:includable>
            <b:includable id='description'>
                    <div class='descriptionwrapper'>
                        <p class='description'>
                            <span>
                                <data:description/>
                            </span>
                        </p>
                    </div>
                </b:includable>
            <b:includable id='title'>
                    <b:if cond='data:blog.url == data:blog.homepageUrl'>
                        <data:title/>
                        <b:else/>
                        <a expr:href='data:blog.homepageUrl'>
                            <data:title/>
                        </a>
                    </b:if>
                </b:includable>
          </b:widget>
        </b:section>
    </div>
	<div class='container' id='main'>
		<b:section id='main-wrapper'>
<b:widget id='Blog1' locked='true' title='Posting Blog' type='Blog' version='1' visible='true'>
  <b:includable id='main' var='top'>
			        <b:if cond='!data:mobile'>
			            <!-- posts -->
			            <div class='blog-posts hfeed'>
			                <b:include data='top' name='status-message'/>
			                <b:loop values='data:posts' var='post'>
			                    <b:if cond='data:post.isDateStart and not data:post.isFirstPost'>
			          &lt;/div&gt;&lt;/div&gt;
			        </b:if>
			                    <b:if cond='data:post.isDateStart'>
			          &lt;div class=&quot;date-outer&quot;&gt;
			        </b:if>
			                    <b:if cond='data:post.isDateStart'>
			          &lt;div class=&quot;date-posts&quot;&gt;
			        </b:if>
			                    <div class='post-outer'>
			                        <b:include data='post' name='post'/>
			                        <b:include cond='data:blog.pageType in {&quot;static_page&quot;,&quot;item&quot;}' data='post' name='comment_picker'/>
			                    </div>
			                    <!-- Ad -->
			                    <b:if cond='data:post.includeAd'>
			                        <div class='inline-ad'>
			                            <data:adCode/>
			                        </div>
			                    </b:if>
			                </b:loop>
			                <b:if cond='data:numPosts != 0'>
			        &lt;/div&gt;&lt;/div&gt;
			      </b:if>
			            </div>
			            <!-- navigation -->
			            <b:include name='nextprev'/>
			            <!-- feed links -->
			            <b:include name='feedLinks'/>
			            <b:else/>
			            <b:include name='mobile-main'/>
			        </b:if>
			        <b:if cond='data:top.showPlusOne'>
			            <data:top.googlePlusBootstrap/>
			        </b:if>
			    </b:includable>
  <b:includable id='backlinkDeleteIcon' var='backlink'>
			        <span expr:class='&quot;item-control &quot; + data:backlink.adminClass'>
			            <a expr:href='data:backlink.deleteUrl' expr:title='data:top.deleteBacklinkMsg'>
			                <img src='https://img1.blogblog.com/img/icon_delete13.gif'/>
			            </a>
			        </span>
			    </b:includable>
  <b:includable id='backlinks' var='post'>
			        <a name='links'/>
			        <h4>
			            <data:post.backlinksLabel/>
			        </h4>
			        <b:if cond='data:post.numBacklinks != 0'>
			            <dl class='comments-block' id='comments-block'>
			                <b:loop values='data:post.backlinks' var='backlink'>
			                    <div class='collapsed-backlink backlink-control'>
			                        <dt class='comment-title'>
			                            <span class='backlink-toggle-zippy'>&#160;</span>
			                            <a expr:href='data:backlink.url' rel='nofollow'>
			                                <data:backlink.title/>
			                            </a>
			                            <b:include data='backlink' name='backlinkDeleteIcon'/>
			                        </dt>
			                        <dd class='comment-body collapseable'>
			                            <data:backlink.snippet/>
			                        </dd>
			                        <dd class='comment-footer collapseable'>
			                            <span class='comment-author'>
			                                <data:post.authorLabel/>
			                                <data:backlink.author/>
			                            </span>
			                            <span class='comment-timestamp'>
			                                <data:post.timestampLabel/>
			                                <data:backlink.timestamp/>
			                            </span>
			                        </dd>
			                    </div>
			                </b:loop>
			            </dl>
			        </b:if>
			        <p class='comment-footer'>
			            <a class='comment-link' expr:href='data:post.createLinkUrl' expr:id='data:widget.instanceId + &quot;_backlinks-create-link&quot;' target='_blank'>
			                <data:post.createLinkLabel/>
			            </a>
			        </p>
			    </b:includable>
  <b:includable id='comment-form' var='post'>
                  <div class='comment-form'>
                    <a name='comment-form'/>
                    <b:if cond='data:mobile'>
                      <h4 id='comment-post-message'>
                        <a expr:id='data:widget.instanceId + &quot;_comment-editor-toggle-link&quot;' href='javascript:void(0)'><data:postCommentMsg/></a></h4>
                      <p><data:blogCommentMessage/></p>
                      <data:blogTeamBlogMessage/>
                      <a expr:href='data:post.commentFormIframeSrc' id='comment-editor-src'/>
                      <iframe allowtransparency='true' class='blogger-iframe-colorize blogger-comment-from-post' expr:height='data:cmtIframeInitialHeight' frameborder='0' id='comment-editor' name='comment-editor' src='' style='display: none' width='100%'/>
                      <b:else/>
                      <h4 id='comment-post-message'><data:postCommentMsg/></h4>
                      <p><data:blogCommentMessage/></p>
                      <data:blogTeamBlogMessage/>
                      <a expr:href='data:post.commentFormIframeSrc' id='comment-editor-src'/>
                      <iframe allowtransparency='true' class='blogger-iframe-colorize blogger-comment-from-post' expr:height='data:cmtIframeInitialHeight' frameborder='0' id='comment-editor' name='comment-editor' src='' width='100%'/>
                    </b:if>
                    <data:post.friendConnectJs/>
                    <data:post.cmtfpIframe/>
                    <script type='text/javascript'>
                      BLOG_CMT_createIframe(&#39;<data:post.appRpcRelayPath/>&#39;);
                    </script>
                  </div>
</b:includable>
  <b:includable id='commentDeleteIcon' var='comment'>
                  <span expr:class='&quot;item-control &quot; + data:comment.adminClass'>
                    <b:if cond='data:showCmtPopup'>
                      <div class='goog-toggle-button'>
                        <div class='goog-inline-block comment-action-icon'/>
                      </div>
                      <b:else/>
                      <a class='comment-delete' expr:href='data:comment.deleteUrl' expr:title='data:top.deleteCommentMsg'>
                        <img src='https://img1.blogblog.com/img/icon_delete13.gif'/>
                      </a>
                    </b:if>
                  </span>
</b:includable>
  <b:includable id='comment_count_picker' var='post'>
                  <b:if cond='data:post.commentSource == 1'>
                    <span class='cmt_count_iframe_holder' expr:data-count='data:post.numComments' expr:data-onclick='data:post.addCommentOnclick' expr:data-post-url='data:post.url' expr:data-url='data:post.url.canonical.http'>
                    </span>
                    <b:else/>
                    <a class='comment-link' expr:href='data:post.addCommentUrl' expr:onclick='data:post.addCommentOnclick'>
                      <data:post.commentLabelFull/>:
                    </a>
                  </b:if>
</b:includable>
  <b:includable id='comment_picker' var='post'>
                  <b:if cond='data:post.commentSource == 1'>
                    <b:include data='post' name='iframe_comments'/>
                    <b:elseif cond='data:post.showThreadedComments'/>
                    <b:include data='post' name='threaded_comments'/>
                    <b:else/>
                    <b:include data='post' name='comments'/>
                  </b:if>
</b:includable>
  <b:includable id='comments' var='post'>
                  <div class='comments' id='comments'>
                    <a name='comments'/>
                    <b:if cond='data:post.allowComments'>
                      <h4><data:post.commentLabelFull/>:</h4>

                      <b:if cond='data:post.commentPagingRequired'>
                        <span class='paging-control-container'>
                          <b:if cond='data:post.hasOlderLinks'>
                            <a expr:class='data:post.oldLinkClass' expr:href='data:post.oldestLinkUrl'><data:post.oldestLinkText/></a>
                              &#160;
                            <a expr:class='data:post.oldLinkClass' expr:href='data:post.olderLinkUrl'><data:post.olderLinkText/></a>
                              &#160;
                          </b:if>

                          <data:post.commentRangeText/>

                          <b:if cond='data:post.hasNewerLinks'>
                            &#160;
                            <a expr:class='data:post.newLinkClass' expr:href='data:post.newerLinkUrl'><data:post.newerLinkText/></a>
                            &#160;
                            <a expr:class='data:post.newLinkClass' expr:href='data:post.newestLinkUrl'><data:post.newestLinkText/></a>
                          </b:if>
                        </span>
                      </b:if>

                      <div expr:id='data:widget.instanceId + &quot;_comments-block-wrapper&quot;'>
                        <dl expr:class='data:post.avatarIndentClass' id='comments-block'>
                          <b:loop values='data:post.comments' var='comment'>
                            <dt expr:class='&quot;comment-author &quot; + data:comment.authorClass' expr:id='data:comment.anchorName'>
                              <b:if cond='data:comment.favicon'>
                                <img expr:src='data:comment.favicon' height='16px' style='margin-bottom:-2px;' width='16px'/>
                              </b:if>
                              <a expr:name='data:comment.anchorName'/>
                              <b:if cond='data:blog.enabledCommentProfileImages'>
                                <data:comment.authorAvatarImage/>
                              </b:if>
                              <b:if cond='data:comment.authorUrl'>
                                <a expr:href='data:comment.authorUrl' rel='nofollow'><data:comment.author/></a>
                              <b:else/>
                                <data:comment.author/>
                              </b:if>
                              <data:commentPostedByMsg/>
                            </dt>
                            <dd class='comment-body' expr:id='data:widget.instanceId + data:comment.cmtBodyIdPostfix'>
                              <b:if cond='data:comment.isDeleted'>
                                <span class='deleted-comment'><data:comment.body/></span>
                              <b:else/>
                                <p>
                                  <data:comment.body/>
                                </p>
                              </b:if>
                            </dd>
                            <dd class='comment-footer'>
                              <span class='comment-timestamp'>
                                <a expr:href='data:comment.url' title='comment permalink'>
                                  <data:comment.timestamp/>
                                </a>
                                <b:include data='comment' name='commentDeleteIcon'/>
                              </span>
                            </dd>
                          </b:loop>
                        </dl>
                      </div>

                      <b:if cond='data:post.commentPagingRequired'>
                        <span class='paging-control-container'>
                          <a expr:class='data:post.oldLinkClass' expr:href='data:post.oldestLinkUrl'>
                            <data:post.oldestLinkText/>
                          </a>
                          <a expr:class='data:post.oldLinkClass' expr:href='data:post.olderLinkUrl'>
                            <data:post.olderLinkText/>
                          </a>
                          &#160;
                          <data:post.commentRangeText/>
                          &#160;
                          <a expr:class='data:post.newLinkClass' expr:href='data:post.newerLinkUrl'>
                            <data:post.newerLinkText/>
                          </a>
                          <a expr:class='data:post.newLinkClass' expr:href='data:post.newestLinkUrl'>
                            <data:post.newestLinkText/>
                          </a>
                        </span>
                      </b:if>

                      <p class='comment-footer'>
                        <b:if cond='data:post.embedCommentForm'>
                          <b:if cond='data:post.allowNewComments'>
                            <b:include data='post' name='comment-form'/>
                          <b:else/>
                            <data:post.noNewCommentsText/>
                          </b:if>
                        <b:elseif cond='data:post.allowComments'/>
                          <a expr:href='data:post.addCommentUrl' expr:onclick='data:post.addCommentOnclick'><data:postCommentMsg/></a>
                        </b:if>
                      </p>
                    </b:if>
                    <b:if cond='data:showCmtPopup'>
                      <div id='comment-popup'>
                        <iframe allowtransparency='true' frameborder='0' id='comment-actions' name='comment-actions' scrolling='no'>
                        </iframe>
                      </div>
                    </b:if>

                    <div id='backlinks-container'>
                    <div expr:id='data:widget.instanceId + &quot;_backlinks-container&quot;'>
                       <b:include cond='data:post.showBacklinks' data='post' name='backlinks'/>
                    </div>
                    </div>
                  </div>
                </b:includable>
  <b:includable id='feedLinks'>
			        <b:if cond='data:blog.pageType != &quot;item&quot;'>
			            <!-- Blog feed links -->
			            <b:if cond='data:feedLinks'>
			                <div class='blog-feeds'>
			                    <b:include data='feedLinks' name='feedLinksBody'/>
			                </div>
			            </b:if>
			            <b:else/>
			            <!--Post feed links -->
			            <div class='post-feeds'>
			                <b:loop values='data:posts' var='post'>
			                    <b:include cond='data:post.allowComments and data:post.feedLinks' data='post.feedLinks' name='feedLinksBody'/>
			                </b:loop>
			            </div>
			        </b:if>
			    </b:includable>
  <b:includable id='feedLinksBody' var='links'>
			        <div class='feed-links'>
			            <data:feedLinksMsg/>
			            <b:loop values='data:links' var='f'>
			                <a title='feed' class='feed-link' expr:href='data:f.url' expr:type='data:f.mimeType' target='_blank'>
			                    <data:f.name/> (
			                    <data:f.feedType/>)
			                </a>
			            </b:loop>
			        </div>
			    </b:includable>
  <b:includable id='iframe_comments' var='post'>
			        <b:if cond='data:post.allowIframeComments'>
			            <script expr:src='data:post.iframeCommentSrc' type='text/javascript'/>
			            <div class='cmt_iframe_holder' expr:data-href='data:post.url.canonical' expr:data-viewtype='data:post.viewType'/>
			            <b:if cond='data:post.embedCommentForm == &quot;false&quot;'>
			                <a expr:href='data:post.addCommentUrl' expr:onclick='data:post.addCommentOnclick'>
			                    <data:postCommentMsg/>
			                </a>
			            </b:if>
			        </b:if>
			    </b:includable>
  <b:includable id='mobile-index-post' var='post'>
			        <div class='mobile-date-outer date-outer'>
			            <div class='mobile-post-outer'>
			                <a expr:href='data:post.url'>
			                    <h3 class='mobile-index-title entry-title' itemprop='name'>
			                        <data:post.title/>
			                    </h3>
			                    <div class='mobile-index-arrow'>&amp;rsaquo;</div>
			                    <div class='mobile-index-contents'>
			                        <b:if cond='data:post.thumbnailUrl'>
			                            <div class='mobile-index-thumbnail'>
			                                <div class='Image'>
			                                    <img expr:src='data:post.thumbnailUrl'/>
			                                </div>
			                            </div>
			                        </b:if>
			                        <div class='post-body'>
			                            <b:if cond='data:post.snippet'>
			                                <data:post.snippet/>
			                            </b:if>
			                        </div>
			                    </div>
			                    <div style='clear: both;'/>
			                </a>
			                <div class='mobile-index-comment'>
			                    <b:include cond='data:blog.pageType != &quot;static_page&quot;                          and data:post.allowComments                          and data:post.numComments != 0' data='post' name='comment_count_picker'/>
			                </div>
			            </div>
			        </div>
			    </b:includable>
  <b:includable id='mobile-main' var='top'>
			        <!-- posts -->
			        <div class='blog-posts hfeed'>
			            <b:include data='top' name='status-message'/>
			            <b:if cond='data:blog.pageType == &quot;index&quot;'>
			                <b:loop values='data:posts' var='post'>
			                    <b:include data='post' name='mobile-index-post'/>
			                </b:loop>
			                <b:else/>
			                <b:loop values='data:posts' var='post'>
			                    <b:include data='post' name='mobile-post'/>
			                </b:loop>
			            </b:if>
			        </div>
			        <b:include name='mobile-nextprev'/>
			    </b:includable>
  <b:includable id='mobile-nextprev'>
			        <div class='blog-pager' id='blog-pager'>
			            <b:if cond='data:newerPageUrl'>
			                <div class='mobile-link-button' id='blog-pager-newer-link'>
			                    <a title='posting lebih baru' class='blog-pager-newer-link' expr:href='data:newerPageUrl' expr:id='data:widget.instanceId + &quot;_blog-pager-newer-link&quot;' expr:title='data:newerPageTitle'>&amp;lsaquo;</a>
			                </div>
			            </b:if>
			            <b:if cond='data:olderPageUrl'>
			                <div class='mobile-link-button' id='blog-pager-older-link'>
			                    <a title='posting lebih lama' class='blog-pager-older-link' expr:href='data:olderPageUrl' expr:id='data:widget.instanceId + &quot;_blog-pager-older-link&quot;' expr:title='data:olderPageTitle'>&amp;rsaquo;</a>
			                </div>
			            </b:if>
			            <div class='mobile-link-button' id='blog-pager-home-link'>
			                <a title='homepage' class='home-link' expr:href='data:blog.homepageUrl'>
			                    <data:homeMsg/>
			                </a>
			            </div>
			            <div class='mobile-desktop-link'>
			                <a title='homepage' class='home-link' expr:href='data:desktopLinkUrl'>
			                    <data:desktopLinkMsg/>
			                </a>
			            </div>
			        </div>
			        <div class='clear'/>
			    </b:includable>
  <b:includable id='mobile-post' var='post'>
			        <div class='date-outer'>
			            <div class='date-posts'>
			                <div class='post-outer'>
			                    <div class='post hentry uncustomized-post-template' itemscope='itemscope' itemtype='http://schema.org/BlogPosting'>
			                        <b:if cond='data:post.thumbnailUrl'>
			                            <meta expr:content='data:post.thumbnailUrl' itemprop='image_url'/>
			                        </b:if>
			                        <meta expr:content='data:blog.blogId' itemprop='blogId'/>
			                        <meta expr:content='data:post.id' itemprop='postId'/>
			                        <a expr:name='data:post.id'/>
			                        <b:if cond='data:post.title'>
			                            <h3 class='post-title entry-title' itemprop='name'>
			                                <b:if cond='data:post.link'>
			                                    <a expr:href='data:post.link'>
			                                        <data:post.title/>
			                                    </a>
			                                    <b:elseif cond='data:post.url and data:blog.url != data:post.url'/>
			                                    <a expr:href='data:post.url'>
			                                        <data:post.title/>
			                                    </a>
			                                    <b:else/>
			                                    <data:post.title/>
			                                </b:if>
			                            </h3>
			                        </b:if>
			                        <div class='post-header'>
			                            <div class='post-header-line-1'/></div>
			                        <div class='post-body entry-content' expr:id='&quot;post-body-&quot; + data:post.id' itemprop='articleBody'>
			                            <data:post.body/>
			                            <div style='clear: both;'/>
			                            <!-- clear for photos floats -->
			                        </div>
			                        <div class='post-footer'>
			                            <div class='post-footer-line post-footer-line-1'>
			                                <span class='post-author vcard'>
			                                    <b:if cond='data:top.showAuthor'>
			                                        <b:if cond='data:post.authorProfileUrl'>
			                                            <span class='fn' itemprop='author' itemscope='itemscope' itemtype='http://schema.org/Person'>
			                                                <meta expr:content='data:post.authorProfileUrl' itemprop='url'/>
			                                                <a expr:href='data:post.authorProfileUrl' rel='author' title='author profile'>
			                                                    <span itemprop='name'>
			                                                        <data:post.author/>
			                                                    </span>
			                                                </a>
			                                            </span>
			                                            <b:else/>
			                                            <span class='fn' itemprop='author' itemscope='itemscope' itemtype='http://schema.org/Person'>
			                                                <span itemprop='name'>
			                                                    <data:post.author/>
			                                                </span>
			                                            </span>
			                                        </b:if>
			                                    </b:if>
			                                </span>
			                                <span class='post-timestamp'>
			                                    <b:if cond='data:top.showTimestamp'>
			                                        <data:top.timestampLabel/>
			                                        <b:if cond='data:post.url'>
			                                            <meta expr:content='data:post.url.canonical' itemprop='url'/>
			                                            <a class='timestamp-link' expr:href='data:post.url' rel='bookmark' title='permanent link'>
			                                                <abbr class='published' expr:title='data:post.timestampISO8601' itemprop='datePublished'>
			                                                    <data:post.timestamp/>
			                                                </abbr>
			                                            </a>
			                                        </b:if>
			                                    </b:if>
			                                </span>
			                                <span class='post-comment-link'>
			                                    <b:include cond='data:blog.pageType not in {&quot;item&quot;,&quot;static_page&quot;}                                  and data:post.allowComments' data='post' name='comment_count_picker'/>
			                                </span>
			                            </div>
			                            <div class='post-footer-line post-footer-line-2'>
			                                <b:if cond='data:top.showMobileShare'>
			                                    <div class='mobile-link-button goog-inline-block' id='mobile-share-button'>
			                                        <a href='javascript:void(0);'>
			                                            <data:shareMsg/>
			                                        </a>
			                                    </div>
			                                </b:if>
			                                <b:if cond='data:top.showDummy'>
			                                    <div class='goog-inline-block dummy-container'>
			                                        <data:post.dummyTag/>
			                                    </div>
			                                </b:if>
			                            </div>
			                        </div>
			                    </div>
			                    <b:include cond='data:blog.pageType in {&quot;static_page&quot;,&quot;item&quot;}' data='post' name='comment_picker'/>
			                </div>
			            </div>
			        </div>
			    </b:includable>
  <b:includable id='nextprev'>
			        <div class='blog-pager' id='blog-pager'>
			            <b:if cond='data:newerPageUrl'>
			                <span id='blog-pager-newer-link'>
			                    <a class='blog-pager-newer-link' expr:href='data:newerPageUrl' expr:id='data:widget.instanceId + &quot;_blog-pager-newer-link&quot;' expr:title='data:newerPageTitle'>
			                        <data:newerPageTitle/>
			                    </a>
			                </span>
			            </b:if>
			            <b:if cond='data:olderPageUrl'>
			                <span id='blog-pager-older-link'>
			                    <a class='blog-pager-older-link' expr:href='data:olderPageUrl' expr:id='data:widget.instanceId + &quot;_blog-pager-older-link&quot;' expr:title='data:olderPageTitle'>
			                        <data:olderPageTitle/>
			                    </a>
			                </span>
			            </b:if>
			            <a title='homepage' class='home-link' expr:href='data:blog.homepageUrl'>
			                <data:homeMsg/>
			            </a>
			            <b:if cond='data:mobileLinkUrl'>
			                <div class='blog-mobile-link'>
			                    <a expr:href='data:mobileLinkUrl'>
			                        <data:mobileLinkMsg/>
			                    </a>
			                </div>
			            </b:if>
			        </div>
			        <div class='clear'/>
			    </b:includable>
  <b:includable id='post' var='post'>
			        <div class='post hentry uncustomized-post-template' itemprop='blogPost' itemscope='itemscope' itemtype='http://schema.org/BlogPosting'>
						<b:if cond='data:blog.pageType not in {&quot;static_page&quot;, &quot;item&quot;}'>
						    <b:if cond='data:post.firstImageUrl'>
                                <div class='post-thumbnail' itemprop='image' itemscope='itemscope' itemtype='https://schema.org/ImageObject'>
                                    <a expr:title='data:post.title' expr:href='data:post.url'>
                                        <img expr:alt='data:post.title' expr:src='resizeImage(data:post.firstImageUrl, 300, &quot;4:3&quot;)' expr:title='data:post.title' itemprop='url'/>
                                        <meta content='300' itemprop='width'/>
                                        <meta content='225' itemprop='height'/>
                                    </a>
                                </div>
                            <b:else/>
                                <div class='post-thumbnail' itemprop='image' itemscope='itemscope' itemtype='https://schema.org/ImageObject'>
                                    <a expr:title='data:post.title' expr:href='data:post.url'>
                                        <img expr:alt='data:post.title' expr:title='data:post.title' expr:src='resizeImage("https://4.bp.blogspot.com/-p8qUDeVWPGo/V1rz4XYuTyI/AAAAAAAAAGc/HmWSLkcZ-rAKyQk_gUc67WFP3JzsBozlACLcB/s1600/noimg.png", 300, &quot;4:3&quot;)' itemprop='url'/>
                                        <meta content='696' itemprop='width'/>
                                        <meta content='410' itemprop='height'/>
                                  	</a>
                                </div>
                          	</b:if>
                      	<b:else/>
						    <b:if cond='data:post.firstImageUrl'>
                                <span itemprop='image' itemscope='itemscope' itemtype='https://schema.org/ImageObject'>
                                    <a expr:title='data:post.url' expr:href='data:post.url'>
                                        <meta expr:content='resizeImage(data:post.firstImageUrl, 300, &quot;4:3&quot;)' itemprop='url'/>
                                        <meta content='300' itemprop='width'/>
                                        <meta content='225' itemprop='height'/>
                                    </a>
                                </span>
                            <b:else/>
                                <span itemprop='image' itemscope='itemscope' itemtype='https://schema.org/ImageObject'>
                                    <meta content='https://1.bp.blogspot.com/-eTAjpGPicFo/V1KCXWxiBZI/AAAAAAAAACQ/u5Nh9hgYA1svIgd1v1sU5XXnkBt35wsPACLcB/s1600/noimg.png' itemprop='url'/>
                                    <meta content='696' itemprop='width'/>
                                    <meta content='410' itemprop='height'/>
                                </span>
                          	</b:if>
	                    </b:if>
			            <b:if cond='data:post.title'>
			                <h3 class='post-title entry-title' itemprop='headline name'>
			                    <b:if cond='data:post.link or (data:post.url and data:blog.url != data:post.url)'>
			                        <a expr:title='data:post.title' expr:href='data:post.link ? data:post.link : data:post.url'>
			                            <data:post.title/>
			                        </a>
			                        <b:else/>
			                        <data:post.title/>
			                    </b:if>
			                </h3>
			            </b:if>
                        <div class='post-header'>
                            <span itemprop='author' itemscope='itemscope' itemtype='https://schema.org/Person'>
                             	<meta expr:content='data:post.author' itemprop='name'/>
                            </span>
                            <span class='dt-published dt-updated' expr:content='data:post.timestampISO8601' itemprop='datePublished dateModified'>
                            	<data:post.timestamp/>
                            </span>
                            <meta class='u-url' expr:content='data:post.url' itemprop='mainEntityOfPage'/>
                            <meta expr:content='data:post.snippet' itemprop='description'/>
                            <span itemprop='publisher' itemscope='itemscope' itemtype='https://schema.org/Organization'>
                             	<meta expr:content='data:blog.title' itemprop='name'/>
                              	<span itemprop='logo' itemscope='itemscope' itemtype='https://schema.org/ImageObject'>
                                	<meta content='https://3.bp.blogspot.com/-3LAfqYuVTjM/V1iYmWth75I/AAAAAAAAAEk/EcEtIy_VdCQHU0VJqAOLrjYhGrK3Of7EQCLcB/s1600/Untitled.png' itemprop='url'/>
                                	<meta content='600' itemprop='width'/>
                                	<meta content='60' itemprop='height'/>
                              	</span>
                            </span>
                        </div>
			            <div class='post-body entry-content' expr:id='&quot;post-body-&quot; + data:post.id' expr:itemprop='(data:blog.metaDescription ? &quot;&quot; : &quot;description &quot;) + &quot;articleBody&quot;'>
							<b:if cond='data:blog.pageType in {&quot;static_page&quot;, &quot;item&quot;}'>
	                            <p><data:post.body/></p>
                            <b:else/>
	                            <p><data:post.snippet/></p>
                          	</b:if>
			            </div>
<!--
			            <div class='post-footer'>
			                <div class='post-footer-line post-footer-line-1'>
			                    <span class='post-author vcard'>
			                        <b:if cond='data:top.showAuthor'>
			                            <data:top.authorLabel/>
			                            <b:if cond='data:post.authorProfileUrl'>
			                                <span class='fn' itemprop='author' itemscope='itemscope' itemtype='http://schema.org/Person'>
			                                    <meta expr:content='data:post.authorProfileUrl' itemprop='url'/>
			                                    <a class='g-profile' expr:href='data:post.authorProfileUrl' rel='author' title='author profile'>
			                                        <span itemprop='name'>
			                                            <data:post.author/>
			                                        </span>
			                                    </a>
			                                </span>
			                                <b:else/>
			                                <span class='fn' itemprop='author' itemscope='itemscope' itemtype='http://schema.org/Person'>
			                                    <span itemprop='name'>
			                                        <data:post.author/>
			                                    </span>
			                                </span>
			                            </b:if>
			                        </b:if>
			                    </span>
			                    <span class='post-timestamp'>
			                        <b:if cond='data:top.showTimestamp'>
			                            <data:top.timestampLabel/>
			                            <b:if cond='data:post.url'>
			                                <meta expr:content='data:post.url.canonical' itemprop='url'/>
			                                <a class='timestamp-link' expr:href='data:post.url' rel='bookmark' title='permanent link'>
			                                    <abbr class='published' expr:title='data:post.timestampISO8601' itemprop='datePublished'>
			                                        <data:post.timestamp/>
			                                    </abbr>
			                                </a>
			                            </b:if>
			                        </b:if>
			                    </span>
			                    <span class='reaction-buttons'>
			                        <b:if cond='data:top.showReactions'>
			                            <table border='0' cellpadding='0' cellspacing='0' width='100%'>
			                                <tr>
			                                    <td class='reactions-label-cell' nowrap='nowrap' valign='top' width='1%'>
			                                        <span class='reactions-label'>
			                                            <data:top.reactionsLabel/>
			                                        </span>&#160;
			                                    </td>
			                                    <td>
			                                        <iframe allowtransparency='true' class='reactions-iframe' expr:src='data:post.reactionsUrl' frameborder='0' name='reactions' scrolling='no'/>
			                                    </td>
			                                </tr>
			                            </table>
			                        </b:if>
			                    </span>
			                    <span class='post-comment-link'>
			                        <b:include cond='data:blog.pageType not in {&quot;item&quot;,&quot;static_page&quot;}                          and data:post.allowComments' data='post' name='comment_count_picker'/>
			                    </span>
			                    <span class='post-backlinks post-comment-link'>
			                        <b:if cond='data:blog.pageType not in {&quot;item&quot;,&quot;static_page&quot;}                      and data:post.showBacklinks'>
			                            <a class='comment-link' expr:href='data:post.url + &quot;#links&quot;'>
			                                <data:top.backlinkLabel/>
			                            </a>
			                        </b:if>
			                    </span>
			                    <span class='post-icons'>
			                        <b:if cond='data:post.emailPostUrl'>
			                            <span class='item-action'>
			                                <a expr:href='data:post.emailPostUrl' expr:title='data:top.emailPostMsg'>
			                                    <img alt='' class='icon-action' height='13' src='https://img1.blogblog.com/img/icon18_email.gif' width='18'/>
			                                </a>
			                            </span>
			                        </b:if>
			                    </span>
			                    <div class='post-share-buttons goog-inline-block'>
			                        <b:include cond='data:post.sharePostUrl' data='post' name='shareButtons'/>
			                    </div>
			                </div>
			                <div class='post-footer-line post-footer-line-2'>
			                    <span class='post-labels'>
			                        <b:if cond='data:top.showPostLabels and data:post.labels'>
			                            <data:postLabelsLabel/>
			                            <b:loop values='data:post.labels' var='label'>
			                                <a expr:href='data:label.url' rel='tag'>
			                                    <data:label.name/>
			                                </a>
			                                <b:if cond='not data:label.isLast'>,</b:if>
			                            </b:loop>
			                        </b:if>
			                    </span>
			                </div>
			                <div class='post-footer-line post-footer-line-3'>
			                    <span class='post-location'>
			                        <b:if cond='data:top.showLocation and data:post.location'>
			                            <data:postLocationLabel/>
			                            <a expr:href='data:post.location.mapsUrl' target='_blank'>
			                                <data:post.location.name/>
			                            </a>
			                        </b:if>
			                    </span>
			                </div>
			                <b:if cond='data:post.authorAboutMe'>
			                    <div class='author-profile' itemprop='author' itemscope='itemscope' itemtype='http://schema.org/Person'>
			                        <b:if cond='data:post.authorPhoto.url'>
			                            <img expr:src='data:post.authorPhoto.url' itemprop='image' width='50px'/>
			                        </b:if>
			                        <div>
			                            <a class='g-profile' expr:href='data:post.authorProfileUrl' itemprop='url' rel='author' title='author profile'>
			                                <span itemprop='name'>
			                                    <data:post.author/>
			                                </span>
			                            </a>
			                        </div>
			                        <span itemprop='description'>
			                            <data:post.authorAboutMe/>
			                        </span>
			                    </div>
			                </b:if>
			            </div>
-->
			        </div>
			    </b:includable>
  <b:includable id='postQuickEdit' var='post'>
			        <b:if cond='data:post.editUrl'>
			            <span expr:class='&quot;item-control &quot; + data:post.adminClass'>
			                <a expr:href='data:post.editUrl' expr:title='data:top.editPostMsg'>
			                    <img alt='edit postingan' title='edit postingan' class='icon-action' height='18' src='https://img1.blogblog.com/img/icon18_edit_allbkg.gif' width='18'/>
			                </a>
			            </span>
			        </b:if>
			    </b:includable>
  <b:includable id='shareButtons' var='post'>
			        <b:if cond='data:top.showEmailButton'>
			            <a class='goog-inline-block share-button sb-email' expr:href='data:post.sharePostUrl + &quot;&amp;target=email&quot;' expr:title='data:top.emailThisMsg' target='_blank'>
			                <span class='share-button-link-text'>
			                    <data:top.emailThisMsg/>
			                </span>
			            </a>
			        </b:if>
			        <b:if cond='data:top.showBlogThisButton'>
			            <a class='goog-inline-block share-button sb-blog' expr:href='data:post.sharePostUrl + &quot;&amp;target=blog&quot;' expr:onclick='&quot;window.open(this.href, \&quot;_blank\&quot;, \&quot;height=270,width=475\&quot;); return false;&quot;' expr:title='data:top.blogThisMsg' target='_blank'>
			                <span class='share-button-link-text'>
			                    <data:top.blogThisMsg/>
			                </span>
			            </a>
			        </b:if>
			        <b:if cond='data:top.showTwitterButton'>
			            <a class='goog-inline-block share-button sb-twitter' expr:href='data:post.sharePostUrl + &quot;&amp;target=twitter&quot;' expr:title='data:top.shareToTwitterMsg' target='_blank'>
			                <span class='share-button-link-text'>
			                    <data:top.shareToTwitterMsg/>
			                </span>
			            </a>
			        </b:if>
			        <b:if cond='data:top.showFacebookButton'>
			            <a class='goog-inline-block share-button sb-facebook' expr:href='data:post.sharePostUrl + &quot;&amp;target=facebook&quot;' expr:onclick='&quot;window.open(this.href, \&quot;_blank\&quot;, \&quot;height=430,width=640\&quot;); return false;&quot;' expr:title='data:top.shareToFacebookMsg' target='_blank'>
			                <span class='share-button-link-text'>
			                    <data:top.shareToFacebookMsg/>
			                </span>
			            </a>
			        </b:if>
			        <b:if cond='data:top.showPinterestButton'>
			            <a class='goog-inline-block share-button sb-pinterest' expr:href='data:post.sharePostUrl + &quot;&amp;target=pinterest&quot;' expr:title='data:top.shareToPinterestMsg' target='_blank'>
			                <span class='share-button-link-text'>
			                    <data:top.shareToPinterestMsg/>
			                </span>
			            </a>
			        </b:if>
			        <b:if cond='data:top.showPlusOne'>
			            <div class='goog-inline-block google-plus-share-container'>
			                <data:post.googlePlusShareTag/>
			            </div>
			        </b:if>
			    </b:includable>
  <b:includable id='status-message'>
			        <b:if cond='data:navMessage'>
			            <div class='status-msg-wrap'>
			                <div class='status-msg-body'>
			                    <data:navMessage/>
			                </div>
			                <div class='status-msg-border'>
			                    <div class='status-msg-bg'>
			                        <div class='status-msg-hidden'>
			                            <data:navMessage/>
			                        </div>
			                    </div>
			                </div>
			            </div>
			            <div style='clear: both;'/>
			        </b:if>
			    </b:includable>
  <b:includable id='threaded-comment-form' var='post'>
  <div class='comment-form'>
    <a name='comment-form'/>
    <b:if cond='data:mobile'>
      <p><data:blogCommentMessage/></p>
      <data:blogTeamBlogMessage/>
      <a expr:href='data:post.commentFormIframeSrc' id='comment-editor-src'/>
      <iframe allowtransparency='true' class='blogger-iframe-colorize blogger-comment-from-post' expr:height='data:cmtIframeInitialHeight' frameborder='0' id='comment-editor' name='comment-editor' src='' style='display: none' width='100%'/>
    <b:else/>
      <p><data:blogCommentMessage/></p>
      <data:blogTeamBlogMessage/>
      <a expr:href='data:post.commentFormIframeSrc' id='comment-editor-src'/>
      <iframe allowtransparency='true' class='blogger-iframe-colorize blogger-comment-from-post' expr:height='data:cmtIframeInitialHeight' frameborder='0' id='comment-editor' name='comment-editor' src='' width='100%'/>
    </b:if>
    <data:post.friendConnectJs/>
    <data:post.cmtfpIframe/>
    <script type='text/javascript'>
      BLOG_CMT_createIframe(&#39;<data:post.appRpcRelayPath/>&#39;);
    </script>
  </div>
</b:includable>
  <b:includable id='threaded_comment_js' var='post'>
  <script async='async' expr:src='data:post.commentSrc' type='text/javascript'/>

  <script type='text/javascript'>
    (function() {
      var items = <data:post.commentJso/>;
      var msgs = <data:post.commentMsgs/>;
      var config = <data:post.commentConfig/>;

// <![CDATA[
      var cursor = null;
      if (items && items.length > 0) {
        cursor = parseInt(items[items.length - 1].timestamp) + 1;
      }

      var bodyFromEntry = function(entry) {
        if (entry.gd$extendedProperty) {
          for (var k in entry.gd$extendedProperty) {
            if (entry.gd$extendedProperty[k].name == 'blogger.contentRemoved') {
              return '<span class="deleted-comment">' + entry.content.$t + '</span>';
            }
          }
        }
        return entry.content.$t;
      }

      var parse = function(data) {
        cursor = null;
        var comments = [];
        if (data && data.feed && data.feed.entry) {
          for (var i = 0, entry; entry = data.feed.entry[i]; i++) {
            var comment = {};
            // comment ID, parsed out of the original id format
            var id = /blog-(\d+).post-(\d+)/.exec(entry.id.$t);
            comment.id = id ? id[2] : null;
            comment.body = bodyFromEntry(entry);
            comment.timestamp = Date.parse(entry.published.$t) + '';
            if (entry.author && entry.author.constructor === Array) {
              var auth = entry.author[0];
              if (auth) {
                comment.author = {
                  name: (auth.name ? auth.name.$t : undefined),
                  profileUrl: (auth.uri ? auth.uri.$t : undefined),
                  avatarUrl: (auth.gd$image ? auth.gd$image.src : undefined)
                };
              }
            }
            if (entry.link) {
              if (entry.link[2]) {
                comment.link = comment.permalink = entry.link[2].href;
              }
              if (entry.link[3]) {
                var pid = /.*comments\/default\/(\d+)\?.*/.exec(entry.link[3].href);
                if (pid && pid[1]) {
                  comment.parentId = pid[1];
                }
              }
            }
            comment.deleteclass = 'item-control blog-admin';
            if (entry.gd$extendedProperty) {
              for (var k in entry.gd$extendedProperty) {
                if (entry.gd$extendedProperty[k].name == 'blogger.itemClass') {
                  comment.deleteclass += ' ' + entry.gd$extendedProperty[k].value;
                } else if (entry.gd$extendedProperty[k].name == 'blogger.displayTime') {
                  comment.displayTime = entry.gd$extendedProperty[k].value;
                }
              }
            }
            comments.push(comment);
          }
        }
        return comments;
      };

      var paginator = function(callback) {
        if (hasMore()) {
          var url = config.feed + '?alt=json&v=2&orderby=published&reverse=false&max-results=50';
          if (cursor) {
            url += '&published-min=' + new Date(cursor).toISOString();
          }
          window.bloggercomments = function(data) {
            var parsed = parse(data);
            cursor = parsed.length < 50 ? null
                : parseInt(parsed[parsed.length - 1].timestamp) + 1
            callback(parsed);
            window.bloggercomments = null;
          }
          url += '&callback=bloggercomments';
          var script = document.createElement('script');
          script.type = 'text/javascript';
          script.src = url;
          document.getElementsByTagName('head')[0].appendChild(script);
        }
      };
      var hasMore = function() {
        return !!cursor;
      };
      var getMeta = function(key, comment) {
        if ('iswriter' == key) {
          var matches = !!comment.author
              && comment.author.name == config.authorName
              && comment.author.profileUrl == config.authorUrl;
          return matches ? 'true' : '';
        } else if ('deletelink' == key) {
          return config.baseUri + '/delete-comment.g?blogID='
               + config.blogId + '&postID=' + comment.id;
        } else if ('deleteclass' == key) {
          return comment.deleteclass;
        }
        return '';
      };

      var replybox = null;
      var replyUrlParts = null;
      var replyParent = undefined;

      var onReply = function(commentId, domId) {
        if (replybox == null) {
          // lazily cache replybox, and adjust to suit this style:
          replybox = document.getElementById('comment-editor');
          if (replybox != null) {
            replybox.height = '250px';
            replybox.style.display = 'block';
            replyUrlParts = replybox.src.split('#');
          }
        }
        if (replybox && (commentId !== replyParent)) {
          replybox.src = '';
          document.getElementById(domId).insertBefore(replybox, null);
          replybox.src = replyUrlParts[0]
              + (commentId ? '&parentID=' + commentId : '')
              + '#' + replyUrlParts[1];
          replyParent = commentId;
        }
      };

      var hash = (window.location.hash || '#').substring(1);
      var startThread, targetComment;
      if (/^comment-form_/.test(hash)) {
        startThread = hash.substring('comment-form_'.length);
      } else if (/^c[0-9]+$/.test(hash)) {
        targetComment = hash.substring(1);
      }

      // Configure commenting API:
      var configJso = {
        'maxDepth': config.maxThreadDepth
      };
      var provider = {
        'id': config.postId,
        'data': items,
        'loadNext': paginator,
        'hasMore': hasMore,
        'getMeta': getMeta,
        'onReply': onReply,
        'rendered': true,
        'initComment': targetComment,
        'initReplyThread': startThread,
        'config': configJso,
        'messages': msgs
      };

      var render = function() {
        if (window.goog && window.goog.comments) {
          var holder = document.getElementById('comment-holder');
          window.goog.comments.render(holder, provider);
        }
      };

      // render now, or queue to render when library loads:
      if (window.goog && window.goog.comments) {
        render();
      } else {
        window.goog = window.goog || {};
        window.goog.comments = window.goog.comments || {};
        window.goog.comments.loadQueue = window.goog.comments.loadQueue || [];
        window.goog.comments.loadQueue.push(render);
      }
    })();
// ]]>
  </script>
</b:includable>
  <b:includable id='threaded_comments' var='post'>
  <div class='comments' id='comments'>
    <a name='comments'/>
    <h4><data:post.commentLabelFull/>:</h4>

    <div class='comments-content'>
      <b:include cond='data:post.embedCommentForm' data='post' name='threaded_comment_js'/>
      <div id='comment-holder'>
         <data:post.commentHtml/>
      </div>
    </div>

    <p class='comment-footer'>
      <b:if cond='data:post.allowNewComments'>
        <b:include data='post' name='threaded-comment-form'/>
      <b:else/>
        <data:post.noNewCommentsText/>
      </b:if>
    </p>

    <b:if cond='data:showCmtPopup'>
      <div id='comment-popup'>
        <iframe allowtransparency='true' frameborder='0' id='comment-actions' name='comment-actions' scrolling='no'>
        </iframe>
      </div>
    </b:if>

    <div id='backlinks-container'>
    <div expr:id='data:widget.instanceId + &quot;_backlinks-container&quot;'>
      <b:include cond='data:post.showBacklinks' data='post' name='backlinks'/>
    </div>
    </div>
  </div>
</b:includable>
</b:widget>
</b:section>
		<b:section id='sidebar-wrapper'>
<b:widget id='PopularPosts1' locked='false' title='Entri Populer' type='PopularPosts' version='1' visible='true'>
  <b:includable id='main'>
			        <b:if cond='data:title != &quot;&quot;'>
			            <h2>
			                <data:title/>
			            </h2>
			        </b:if>
			        <div class='widget-content popular-posts'>
			            <ul>
			                <b:loop values='data:posts' var='post'>
			                    <li>
			                        <b:if cond='!data:showThumbnails'>
			                            <b:if cond='!data:showSnippets'>
			                                <!-- (1) No snippet/thumbnail -->
			                                <a expr:title='data:post.title' expr:href='data:post.href'>
			                                    <data:post.title/>
			                                </a>
			                                <b:else/>
			                                <!-- (2) Show only snippets -->
			                                <div class='item-title'>
			                                    <a expr:title='data:post.title' expr:href='data:post.href'>
			                                        <data:post.title/>
			                                    </a>
			                                </div>
			                                <div class='item-snippet'>
			                                    <data:post.snippet/>
			                                </div>
			                            </b:if>
			                            <b:else/>
			                            <!-- (3) Show only thumbnails or (4) Snippets and thumbnails. -->
			                            <div expr:class='data:showSnippets ? &quot;item-content&quot; : &quot;item-thumbnail-only&quot;'>
			                                <b:if cond='data:post.featuredImage.isResizable or data:post.thumbnail'>
			                                    <div class='item-thumbnail'>
			                                        <a expr:title='data:post.title' expr:href='data:post.href' target='_blank'>
			                                            <b:with value='data:post.featuredImage.isResizable ? resizeImage(data:post.featuredImage, 300, &quot;4:3&quot;) : data:post.thumbnail' var='image'>
			                                                <img expr:alt='data:post.title' expr:title='data:post.title' border='0' expr:src='data:image'/>
			                                            </b:with>
			                                        </a>
			                                    </div>
			                                </b:if>
			                                <div class='item-title'>
			                                    <a expr:title='data:post.title' expr:href='data:post.href'>
			                                        <data:post.title/>
			                                    </a>
			                                </div>
			                                <b:if cond='data:showSnippets'>
			                                    <div class='item-snippet'>
			                                        <data:post.snippet/>
			                                    </div>
			                                </b:if>
			                            </div>
			                            <div style='clear: both;'/>
			                        </b:if>
			                    </li>
			                </b:loop>
			            </ul>
			        </div>
			    </b:includable>
</b:widget>
</b:section>
	</div>
	<div id='footer'>
		<b:section id='footer1'/>
		<b:section id='footer2'/>
		<b:section id='footer3'/>
	</div>
</body>
</html>